exp_id,store_id,all_data,max_num_histories,previous_visits,multi_head,num_total_epoch,train_size,test_size,training_length,train_censored_size,train_revisit_ratio,test_revisit_ratio,train_censored_revisit_ratio,c_nll_date,c_nll_week,c_nll_month,c_nll_season,c_rmse,c_ce,c_rank,time_start,time_end,time_run,test_acc_cph_baseline,test_fscore_cph_baseline,test_cindex_cph_baseline,test_RMSE_cph_baseline,test_acc_majority_baseline,test_fscore_majority_baseline,test_cindex_majority_baseline,test_RMSE_train_average_baseline,test_RMSE_test_average_baseline,test_acc_pp_baseline,test_fscore_pp_baseline,test_cindex_pp_baseline,test_RMSE_pp_baseline,test_acc_hp_baseline,test_fscore_hp_baseline,test_cindex_hp_baseline,test_RMSE_hp_baseline,test_acc_xgb_baseline,test_fscore_xgb_baseline,test_cindex_xgb_baseline,test_RMSE_xgb_baseline,test_acc_WSDM17,test_fscore_WSDM17,test_cindex_WSDM17_interval,test_cindex_WSDM17_censored_prob,test_RMSE_WSDM17,test_acc_AAAI19,test_fscore_AAAI19,test_cindex_AAAI19_interval,test_cindex_AAAI19_censored_prob,test_RMSE_AAAI19,test_acc_SurvRev,test_fscore_SurvRev,test_cindex_SurvRev_interval,test_cindex_SurvRev_censored_prob,test_RMSE_SurvRev,train_censored_acc_majority_baseline,train_censored_fscore_majority_baseline,train_censored_cindex_majority_baseline,train_censored_RMSE_train_average_baseline,train_censored_RMSE_test_average_baseline,train_censored_acc_pp_baseline,train_censored_fscore_pp_baseline,train_censored_cindex_pp_baseline,train_censored_RMSE_pp_baseline,train_censored_acc_hp_baseline,train_censored_fscore_hp_baseline,train_censored_cindex_hp_baseline,train_censored_RMSE_hp_baseline,train_censored_acc_xgb_baseline,train_censored_fscore_xgb_baseline,train_censored_cindex_xgb_baseline,train_censored_RMSE_xgb_baseline,train_censored_acc_WSDM17,train_censored_fscore_WSDM17,train_censored_cindex_WSDM17_interval,train_censored_cindex_WSDM17_censored_prob,train_censored_RMSE_WSDM17,train_censored_acc_AAAI19,train_censored_fscore_AAAI19,train_censored_cindex_AAAI19_interval,train_censored_cindex_AAAI19_censored_prob,train_censored_RMSE_AAAI19,train_censored_acc_SurvRev,train_censored_fscore_SurvRev,train_censored_cindex_SurvRev_interval,train_censored_cindex_SurvRev_censored_prob,train_censored_RMSE_SurvRev
ULO0FFV892,store_A,False,5,False,False,10,785,377,180,623,0.20636942675159237,0.1856763925729443,0.19743178170144463,,,,,,,,1556179191.5485523,1556179490.3829098,298.8343575000763,0.6604774535809018,0.40186915887850466,0.6027086788280818,86.52041052846177,0.8143236074270557,0.0,0.5,64.40175058675807,41.74648801653003,0.32360742705570295,0.24778761061946905,0.5103372028745163,350.66738198234464,0.33421750663129973,0.25958702064896755,0.48253178551686016,382.9752501549831,0.8275862068965517,0.40366972477064217,0.48656716417910445,45.60073393047932,0.8143236074270557,0.0,0.5092316196793809,0.48034825870646763,192.15679753706283,0.21220159151193635,0.32036613272311215,0.48081813156440023,0.4920121614151465,58.34330116776832,0.8143236074270557,0.0,0.38369264787175233,0.5604201216141514,248.34327773603886,0.8025682182985554,0.0,0.5,115.21381324261299,75.06803294155105,0.6837881219903692,0.16170212765957448,0.5540499170198024,157.45747444682112,0.6982343499197432,0.16071428571428573,0.5526320029647294,174.01657347770805,0.7929373996789727,0.15686274509803924,0.38746112820843337,133.65436582807686,0.30497592295345105,0.315955766192733,0.5159757021091471,0.43198040700578444,91.2428154224442,0.19743178170144463,0.3297587131367292,0.48610283099431223,0.4767574883586034,192.33342974775923,0.41252006420545745,0.24066390041493776,0.5933728630585051,0.431577590512866,131.74022580988617
Z74V4LFA2F,store_A,False,5,False,False,10,785,377,180,623,0.20636942675159237,0.1856763925729443,0.19743178170144463,,,,,,,,1556179257.2976494,1556179562.889251,305.5916016101837,0.6604774535809018,0.40186915887850466,0.6027086788280818,86.52041052846177,0.8143236074270557,0.0,0.5,64.40175058675807,41.74648801653003,0.3103448275862069,0.24855491329479767,0.5084577114427861,327.78474609012653,0.3156498673740053,0.23668639053254434,0.5523493642896627,294.84368729358715,0.8275862068965517,0.40366972477064217,0.48656716417910445,45.60073393047932,0.8143236074270557,0.0,0.5022388059701492,0.5189607517965726,192.29202537814052,0.20424403183023873,0.3181818181818182,0.48960751796572693,0.5163626312880044,58.26106701843231,0.8143236074270557,0.0,0.369983416252073,0.4032891100055279,248.1499687719669,0.8025682182985554,0.0,0.5,115.21381324261299,75.06803294155105,0.7142857142857143,0.1981981981981982,0.46605868230668834,179.7604920360048,0.6902086677367576,0.1924686192468619,0.5451557288561623,186.58553253761136,0.7929373996789727,0.15686274509803924,0.38746112820843337,133.65436582807686,0.3017656500802568,0.31496062992125984,0.6075600599390941,0.5690669158758036,90.94421851925209,0.19743178170144463,0.3297587131367292,0.5090150331115157,0.5329826144401656,192.3949009441815,0.41091492776886035,0.24640657084188913,0.48439488906433786,0.41751123858015243,131.61674663149327
0PC6X2CMDA,store_A,False,5,False,False,10,785,377,180,623,0.20636942675159237,0.1856763925729443,0.19743178170144463,,,,,,,,1556179492.3901641,1556179799.6159387,307.22577452659607,0.6604774535809018,0.40186915887850466,0.6027086788280818,86.52041052846177,0.8143236074270557,0.0,0.5,64.40175058675807,41.74648801653003,0.3660477453580902,0.2412698412698413,0.48336097291321173,254.59828303053771,0.376657824933687,0.2900302114803625,0.46428966279712547,352.0685436329689,0.8275862068965517,0.40366972477064217,0.48656716417910445,45.60073393047932,0.8143236074270557,0.0,0.48192371475953566,0.49792703150912104,191.205594401709,0.20954907161803712,0.319634703196347,0.40552791597567717,0.48501934770591487,58.25899210239869,0.8143236074270557,0.0,0.5194029850746269,0.5925649530127142,248.05409329723926,0.8025682182985554,0.0,0.5,115.21381324261299,75.06803294155105,0.7030497592295345,0.17040358744394618,0.5172647148864863,175.7748110029018,0.6789727126805778,0.13043478260869565,0.5423521260654496,186.60146502333566,0.7929373996789727,0.15686274509803924,0.38746112820843337,133.65436582807686,0.30497592295345105,0.3181102362204724,0.45428032805375185,0.47074746628425956,90.70812746486763,0.19743178170144463,0.3297587131367292,0.43181122407875866,0.4952548217134202,192.71114326377645,0.41252006420545745,0.24066390041493776,0.5938804118395824,0.4323509981792695,132.05901724368098
E866JL2HAL,store_A,False,5,False,False,10,785,377,180,623,0.20636942675159237,0.1856763925729443,0.19743178170144463,,,,,,,,1556179564.9349205,1556179875.2572029,310.32228231430054,0.6604774535809018,0.40186915887850466,0.6027086788280818,86.52041052846177,0.8143236074270557,0.0,0.5,64.40175058675807,41.74648801653003,0.33421750663129973,0.22291021671826625,0.5184632393587617,387.59503672806204,0.34748010610079577,0.27647058823529413,0.48772802653399666,292.19840901659677,0.8275862068965517,0.40366972477064217,0.48656716417910445,45.60073393047932,0.8143236074270557,0.0,0.4569651741293532,0.4957158651188502,193.16400668372614,0.21750663129973474,0.3218390804597701,0.5958540630182422,0.4904090657822001,58.465553905662695,0.8143236074270557,0.0,0.546627971254837,0.44776119402985076,248.21363078958942,0.8025682182985554,0.0,0.5,115.21381324261299,75.06803294155105,0.709470304975923,0.22317596566523606,0.5233230749399803,185.00253926659514,0.7046548956661316,0.1929824561403509,0.5269806486956802,179.54997908227503,0.7929373996789727,0.15686274509803924,0.38746112820843337,133.65436582807686,0.30658105939004815,0.3164556962025316,0.3793886856903469,0.5108196509997905,91.29528979220571,0.19743178170144463,0.3297587131367292,0.4843787764046211,0.48988124969788766,192.40972550699632,0.41091492776886035,0.2494887525562372,0.4097207676071089,0.5182234181396324,131.26931492374118
WNV2NI3ZRO,store_A,False,5,False,False,10,785,377,180,623,0.20636942675159237,0.1856763925729443,0.19743178170144463,,,,,,,,1556179801.632511,1556180107.5991828,305.96667194366455,0.6604774535809018,0.40186915887850466,0.6027086788280818,86.52041052846177,0.8143236074270557,0.0,0.5,64.40175058675807,41.74648801653003,0.3421750663129973,0.2619047619047619,0.5208402432283029,331.7708708833965,0.3421750663129973,0.2619047619047619,0.5575456053067993,281.21088887863857,0.8275862068965517,0.40366972477064217,0.48656716417910445,45.60073393047932,0.8143236074270557,0.0,0.49333886124930904,0.5474018794914317,193.4569872378006,0.22015915119363394,0.32258064516129037,0.48208955223880595,0.5035655058043118,58.08531728482736,0.8143236074270557,0.0,0.6111387506909896,0.43410724156992814,248.34016599769734,0.8025682182985554,0.0,0.5,115.21381324261299,75.06803294155105,0.6966292134831461,0.20253164556962025,0.5195365999065465,171.59361530954777,0.7030497592295345,0.1552511415525114,0.5613328392117687,169.18268007788927,0.7929373996789727,0.15686274509803924,0.38746112820843337,133.65436582807686,0.30658105939004815,0.32075471698113206,0.38736445225013294,0.5139616196445548,90.82301342423824,0.19743178170144463,0.3297587131367292,0.5223724280166927,0.5005075487810773,192.76969112497724,0.40930979133226325,0.24590163934426226,0.5991573078968145,0.4548603838035545,131.34716549398607
FCL6U2PH2C,store_A,False,5,False,False,10,785,377,180,623,0.20636942675159237,0.1856763925729443,0.19743178170144463,,,,,,,,1556179877.277285,1556180183.7608857,306.4836006164551,0.6604774535809018,0.40186915887850466,0.6027086788280818,86.52041052846177,0.8143236074270557,0.0,0.5,64.40175058675807,41.74648801653003,0.3819628647214854,0.28307692307692306,0.5123825317855168,232.49415500835707,0.32891246684350134,0.23100303951367782,0.5618021006080708,299.98190390180804,0.8275862068965517,0.40366972477064217,0.48656716417910445,45.60073393047932,0.8143236074270557,0.0,0.4843559977888336,0.48070757324488667,193.85200784951945,0.20954907161803712,0.319634703196347,0.442620232172471,0.45740740740740743,58.59284688522195,0.8143236074270557,0.0,0.45729684908789386,0.4064400221116639,247.99199123961364,0.8025682182985554,0.0,0.5,115.21381324261299,75.06803294155105,0.7367576243980738,0.21904761904761902,0.49208062774922257,175.98195242795106,0.6934189406099518,0.1511111111111111,0.561993458260155,143.62681298394887,0.7929373996789727,0.15686274509803924,0.38746112820843337,133.65436582807686,0.30658105939004815,0.3164556962025316,0.5562573514009957,0.44999436056909914,91.59975155473204,0.19743178170144463,0.3297587131367292,0.5019415754958672,0.5054944169634081,192.39658530319966,0.41252006420545745,0.24066390041493776,0.6281198137376537,0.4162463947923884,131.8052492122569
XJ66RHAA0O,store_A,False,5,False,False,10,785,377,180,623,0.20636942675159237,0.1856763925729443,0.19743178170144463,,,,,,,,1556180110.0530763,1556180412.4128704,302.35979413986206,0.6604774535809018,0.40186915887850466,0.6027086788280818,86.52041052846177,0.8143236074270557,0.0,0.5,64.40175058675807,41.74648801653003,0.34748010610079577,0.27647058823529413,0.5310116086235489,275.47212779058447,0.3209549071618037,0.23809523809523808,0.5078496406854616,360.10783514561155,0.8275862068965517,0.40366972477064217,0.48656716417910445,45.60073393047932,0.8143236074270557,0.0,0.49284134881149805,0.5528745163073522,190.74034533750418,0.21220159151193635,0.32036613272311215,0.5002211166390271,0.5508844665561083,58.60143814002179,0.8143236074270557,0.0,0.5941127694859039,0.5679933665008292,248.44295089049882,0.8025682182985554,0.0,0.5,115.21381324261299,75.06803294155105,0.7271268057784912,0.22727272727272727,0.4997019157952403,201.8656495778958,0.7078651685393258,0.18018018018018017,0.5458002352448319,178.02712177812103,0.7929373996789727,0.15686274509803924,0.38746112820843337,133.65436582807686,0.30658105939004815,0.3164556962025316,0.5191498960733448,0.5314116301177836,91.23023445854473,0.19743178170144463,0.3297587131367292,0.5220018368432077,0.4981873257818668,192.58283836494317,0.40930979133226325,0.24590163934426226,0.4947875545816348,0.455416270563782,131.18526839085243
RG9P1QPC5S,store_A,False,5,False,False,10,785,377,180,623,0.20636942675159237,0.1856763925729443,0.19743178170144463,,,,,,,,1556180186.0098681,1556180491.9546137,305.9447455406189,0.6604774535809018,0.40186915887850466,0.6027086788280818,86.52041052846177,0.8143236074270557,0.0,0.5,64.40175058675807,41.74648801653003,0.3103448275862069,0.2528735632183908,0.5196793808734107,315.33436216461865,0.3395225464190981,0.24773413897280966,0.5102266445550028,292.46440903936156,0.8275862068965517,0.40366972477064217,0.48656716417910445,45.60073393047932,0.8143236074270557,0.0,0.5489496959646213,0.5215865118850194,193.33459399287204,0.21220159151193635,0.32036613272311215,0.47180762852404645,0.4513819789939193,58.47140308916021,0.8143236074270557,0.0,0.34936428966279715,0.4962410171365395,248.4734509345612,0.8025682182985554,0.0,0.5,115.21381324261299,75.06803294155105,0.7030497592295345,0.17040358744394618,0.5690024652369366,170.67526635679295,0.7014446227929374,0.19827586206896555,0.4957382015049224,207.51809217959195,0.7929373996789727,0.15686274509803924,0.38746112820843337,133.65436582807686,0.30497592295345105,0.315955766192733,0.43655640236533844,0.42593815961200715,91.13506297757267,0.19743178170144463,0.3297587131367292,0.4960282293798237,0.4905499250761323,192.52658507617463,0.41412520064205455,0.24116424116424115,0.6130383642427856,0.5209545139616196,131.8490596148211
3N8OWD960I,store_A,False,5,False,False,10,785,377,180,623,0.20636942675159237,0.1856763925729443,0.19743178170144463,,,,,,,,1556180414.4594865,1556180719.3365188,304.87703227996826,0.6604774535809018,0.40186915887850466,0.6027086788280818,86.52041052846177,0.8143236074270557,0.0,0.5,64.40175058675807,41.74648801653003,0.32625994694960214,0.2529411764705883,0.49756771697070207,279.9973776456635,0.3421750663129973,0.23926380368098157,0.5110005527915976,362.69603038772453,0.8275862068965517,0.40366972477064217,0.48656716417910445,45.60073393047932,0.8143236074270557,0.0,0.4898562741846324,0.491044776119403,193.57923501767863,0.20689655172413793,0.31890660592255127,0.47827529021558873,0.4871199557766722,58.490558508342964,0.8143236074270557,0.0,0.6098396904367054,0.49737423991155333,248.04481691472046,0.8025682182985554,0.0,0.5,115.21381324261299,75.06803294155105,0.7046548956661316,0.22033898305084745,0.513881056345971,160.05404256929165,0.6902086677367576,0.14977973568281938,0.5410631132881105,189.62174495983538,0.7929373996789727,0.15686274509803924,0.38746112820843337,133.65436582807686,0.30658105939004815,0.3164556962025316,0.5003947601630602,0.5247248763353367,91.27347909218902,0.19743178170144463,0.3297587131367292,0.48564362019238516,0.5152022944427437,192.35747252358587,0.40930979133226325,0.24590163934426226,0.3778499266873983,0.3518360375747225,131.41129959509803
KDEML2YYYG,store_A,False,5,False,False,10,785,377,180,623,0.20636942675159237,0.1856763925729443,0.19743178170144463,,,,,,,,1556180494.051628,1556180804.696767,310.64513897895813,0.6604774535809018,0.40186915887850466,0.6027086788280818,86.52041052846177,0.8143236074270557,0.0,0.5,64.40175058675807,41.74648801653003,0.3209549071618037,0.22891566265060237,0.5480375898286346,384.2927105118679,0.32891246684350134,0.24024024024024024,0.5184632393587617,323.03388682039946,0.8275862068965517,0.40366972477064217,0.48656716417910445,45.60073393047932,0.8143236074270557,0.0,0.5908512990602542,0.5350469872857933,194.68341451387377,0.20954907161803712,0.319634703196347,0.5563294637921503,0.49856274184632393,58.37454408786731,0.8143236074270557,0.0,0.4280541735765616,0.44621337755666113,248.08372508976535,0.8025682182985554,0.0,0.5,115.21381324261299,75.06803294155105,0.6902086677367576,0.1924686192468619,0.5300098287224272,190.2546354694591,0.7174959871589085,0.169811320754717,0.5036656300855582,145.0819725011732,0.7929373996789727,0.15686274509803924,0.38746112820843337,133.65436582807686,0.30497592295345105,0.315955766192733,0.6140856871243736,0.487230717174484,91.21331536983811,0.19743178170144463,0.3297587131367292,0.5326120232666807,0.4791663309862559,192.077492107787,0.41412520064205455,0.24116424116424115,0.6363050448737573,0.5488777532507291,131.96686089517308
6YO138KZWO,store_B,False,5,False,False,10,933,394,180,606,0.3504823151125402,0.20812182741116753,0.18646864686468648,,,,,,,,1556180721.3931274,1556181116.6767087,395.28358125686646,0.6624365482233503,0.3316582914572864,0.5413995415161053,121.42875444966623,0.7918781725888325,0.0,0.5,61.76824855464389,33.171595917723536,0.36548223350253806,0.3055555555555556,0.5058864669541905,356.36680417688444,0.350253807106599,0.30434782608695654,0.4899172397715351,331.876903480259,0.7918781725888325,0.06818181818181818,0.43078058825814974,35.388868038743354,0.7918781725888325,0.0,0.5279558612114854,0.5109375607102615,212.60946522392305,0.2233502538071066,0.3461538461538461,0.47068422893111084,0.4999805727163228,37.55745891429499,0.7918781725888325,0.0,0.6468702645996037,0.507032676691145,270.1666088378001,0.8135313531353136,0.0,0.5,98.3803658368321,72.83860724524602,0.6716171617161716,0.10762331838565022,0.6554137644686223,131.64431315693201,0.6947194719471947,0.12322274881516589,0.5968613893266901,137.10464626088117,0.8217821782178217,0.45454545454545453,0.5137187113393327,102.24822817468083,0.2739273927392739,0.2334494773519164,0.510498754385073,0.449438202247191,117.93055591720116,0.18646864686468648,0.3143254520166898,0.45423424339485147,0.531564051722677,154.34752221409994,0.43564356435643564,0.15346534653465346,0.5415289711390174,0.5683224024268307,166.19150010071976
U4CWI6W19F,store_B,False,5,False,False,10,933,394,180,606,0.3504823151125402,0.20812182741116753,0.18646864686468648,,,,,,,,1556180806.752018,1556181190.1868088,383.43479084968567,0.6624365482233503,0.3316582914572864,0.5413995415161053,121.42875444966623,0.7918781725888325,0.0,0.5,61.76824855464389,33.171595917723536,0.35279187817258884,0.2735042735042735,0.5092668143140227,328.3537388071483,0.3756345177664975,0.32044198895027626,0.5187861833158488,352.50453605871036,0.7918781725888325,0.06818181818181818,0.43078058825814974,35.388868038743354,0.7918781725888325,0.0,0.5037883203170532,0.4632435792827447,212.8761091963845,0.2233502538071066,0.3461538461538461,0.5082565955628084,0.5279558612114854,37.75350837940568,0.7918781725888325,0.0,0.6739324707619381,0.5638769087306212,269.7864435732572,0.8135313531353136,0.0,0.5,98.3803658368321,72.83860724524602,0.6617161716171617,0.046511627906976744,0.6290440117274222,110.92262266211651,0.6996699669966997,0.1574074074074074,0.6242140762960326,162.12528537684346,0.8217821782178217,0.45454545454545453,0.5137187113393327,102.24822817468083,0.2722772277227723,0.23036649214659685,0.5858287999728846,0.5189045367498771,118.24774392419693,0.18646864686468648,0.3143254520166898,0.530208280373515,0.5394868405443421,154.42223068008238,0.4372937293729373,0.14962593516209477,0.46638534411171556,0.5083888352229397,166.6190967223864
N8G66YGWIR,store_B,False,5,False,False,10,933,394,180,606,0.3504823151125402,0.20812182741116753,0.18646864686468648,,,,,,,,1556181118.902784,1556181494.754913,375.85212898254395,0.6624365482233503,0.3316582914572864,0.5413995415161053,121.42875444966623,0.7918781725888325,0.0,0.5,61.76824855464389,33.171595917723536,0.34517766497461927,0.28729281767955805,0.5258188600069938,412.21399142117855,0.3248730964467005,0.2925531914893617,0.5633912266386913,271.7351417082094,0.7918781725888325,0.06818181818181818,0.43078058825814974,35.388868038743354,0.7918781725888325,0.0,0.5117146520573493,0.5120254885961845,213.72188676092154,0.233502538071066,0.34913793103448276,0.5121420522982476,0.5289855072463768,37.53497973690848,0.7918781725888325,0.0,0.6173796479776198,0.35015736099778527,270.05997311374165,0.8135313531353136,0.0,0.5,98.3803658368321,72.83860724524602,0.6815181518151815,0.09389671361502347,0.6161302896266545,117.3681766268495,0.6765676567656765,0.06666666666666665,0.6265866761570661,118.75510806668282,0.8217821782178217,0.45454545454545453,0.5137187113393327,102.24822817468083,0.2739273927392739,0.2334494773519164,0.6463639907129662,0.4989408036334672,118.18286386874489,0.18646864686468648,0.3143254520166898,0.5232006372125341,0.4968817258969275,154.49692132483182,0.43564356435643564,0.15346534653465346,0.48566271798261224,0.4786889691053604,166.05475501236376
7DTVBULZQ2,store_B,False,5,False,False,10,933,394,180,606,0.3504823151125402,0.20812182741116753,0.18646864686468648,,,,,,,,1556181192.2515805,1556181577.6915116,385.4399311542511,0.6624365482233503,0.3316582914572864,0.5413995415161053,121.42875444966623,0.7918781725888325,0.0,0.5,61.76824855464389,33.171595917723536,0.39086294416243655,0.2982456140350877,0.47219955705793215,426.6043289063822,0.383248730964467,0.31549295774647884,0.4811361075494424,332.5000466638842,0.7918781725888325,0.06818181818181818,0.43078058825814974,35.388868038743354,0.7918781725888325,0.0,0.4897229669347632,0.45743482146326303,214.23652771769832,0.23096446700507614,0.34838709677419355,0.5080623227260365,0.5089559777751874,37.608122236355115,0.7918781725888325,0.0,0.6411974977658623,0.31831604305086064,269.8700194071003,0.8135313531353136,0.0,0.5,98.3803658368321,72.83860724524602,0.7046204620462047,0.1352657004830918,0.61307980409104,169.877177096161,0.7079207920792079,0.0923076923076923,0.6252986933753623,163.99763220431478,0.8217821782178217,0.45454545454545453,0.5137187113393327,102.24822817468083,0.2722772277227723,0.23036649214659685,0.36807497415560864,0.4332028403409765,118.06200581453896,0.18646864686468648,0.3143254520166898,0.4694019353636009,0.5355466300608402,154.23924142411897,0.4372937293729373,0.14962593516209477,0.5123968342738997,0.517218296134357,166.56163994881075
EXBJ8ZP51D,store_B,False,5,False,False,10,933,394,180,606,0.3504823151125402,0.20812182741116753,0.18646864686468648,,,,,,,,1556181496.8032212,1556181885.7983525,388.99513125419617,0.6624365482233503,0.3316582914572864,0.5413995415161053,121.42875444966623,0.7918781725888325,0.0,0.5,61.76824855464389,33.171595917723536,0.3756345177664975,0.29714285714285715,0.4838559272642499,402.03768252566533,0.38578680203045684,0.3163841807909604,0.4549092745852275,394.4082030938121,0.7918781725888325,0.06818181818181818,0.43078058825814974,35.388868038743354,0.7918781725888325,0.0,0.49244278664957064,0.486634028830089,214.13345554246283,0.22842639593908629,0.3476394849785408,0.4767066868710417,0.46143684190076545,37.59612176426943,0.7918781725888325,0.0,0.6457629094300035,0.49724132571783813,269.4189147809184,0.8135313531353136,0.0,0.5,98.3803658368321,72.83860724524602,0.6864686468646864,0.12037037037037036,0.6407036453302151,141.08275248038663,0.6996699669966997,0.10784313725490195,0.5738302235328012,119.7579348150796,0.8217821782178217,0.45454545454545453,0.5137187113393327,102.24822817468083,0.2706270627062706,0.2326388888888889,0.7294388801328656,0.5262595963190808,117.9956001743572,0.18646864686468648,0.3143254520166898,0.47996000474519973,0.5010846170793296,154.2159287143026,0.43564356435643564,0.15346534653465346,0.42717813140813804,0.48724727574694526,166.06668474060848
5XC5R12AZ0,store_B,False,5,False,False,10,933,394,180,606,0.3504823151125402,0.20812182741116753,0.18646864686468648,,,,,,,,1556181579.7259223,1556181975.6476693,395.921746969223,0.6624365482233503,0.3316582914572864,0.5413995415161053,121.42875444966623,0.7918781725888325,0.0,0.5,61.76824855464389,33.171595917723536,0.3629441624365482,0.26822157434402333,0.5275284609705871,373.9373279808156,0.3680203045685279,0.29859154929577464,0.4838947818316043,367.99983572093015,0.7918781725888325,0.06818181818181818,0.43078058825814974,35.388868038743354,0.7918781725888325,0.0,0.5003302638225123,0.521972257838909,214.0460271465553,0.233502538071066,0.35193133047210295,0.575436142518553,0.5099661965264016,37.64032983572447,0.7918781725888325,0.0,0.3376073357423165,0.5519874111201771,269.8459023330186,0.8135313531353136,0.0,0.5,98.3803658368321,72.83860724524602,0.6732673267326733,0.10810810810810811,0.6223159964072059,137.5574204380036,0.6683168316831684,0.06511627906976743,0.6319928144118494,118.62129317431705,0.8217821782178217,0.45454545454545453,0.5137187113393327,102.24822817468083,0.26897689768976896,0.22956521739130434,0.2904909586998153,0.42152625959631906,117.95052616085296,0.18646864686468648,0.3143254520166898,0.5092955073126917,0.5050671954174928,154.416568668589,0.4372937293729373,0.15384615384615385,0.5146592777128137,0.5218872337180335,166.4390833528792
0FFFGY10XA,store_B,False,5,False,False,10,933,394,180,606,0.3504823151125402,0.20812182741116753,0.18646864686468648,,,,,,,,1556181887.790803,1556182275.0000882,387.2092852592468,0.6624365482233503,0.3316582914572864,0.5413995415161053,121.42875444966623,0.7918781725888325,0.0,0.5,61.76824855464389,33.171595917723536,0.38071065989847713,0.3259668508287292,0.4645840618564712,339.6946074667864,0.3629441624365482,0.3047091412742382,0.5106655787387807,373.7474867348229,0.7918781725888325,0.06818181818181818,0.43078058825814974,35.388868038743354,0.7918781725888325,0.0,0.5204569297120877,0.515930372615301,211.6045970070669,0.22842639593908629,0.3476394849785408,0.4474880522205385,0.519407856393519,37.647309896722156,0.7918781725888325,0.0,0.6403038427167114,0.4097408400357462,269.5023778336246,0.8135313531353136,0.0,0.5,98.3803658368321,72.83860724524602,0.6831683168316832,0.13513513513513514,0.6251461690985816,139.94506674699403,0.6765676567656765,0.06666666666666665,0.6134865354957887,131.6868940379614,0.8217821782178217,0.45454545454545453,0.5137187113393327,102.24822817468083,0.2706270627062706,0.22996515679442509,0.5655769654447778,0.3696341112071449,118.11261631835035,0.18646864686468648,0.3143254520166898,0.5518158862507838,0.5088040401986205,154.33610296516395,0.4372937293729373,0.15384615384615385,0.5368176657006796,0.5129052485298354,166.28250458134295
GTSHRNI3WN,store_B,False,5,False,False,10,933,394,180,606,0.3504823151125402,0.20812182741116753,0.18646864686468648,,,,,,,,1556181977.6825528,1556182362.3350062,384.6524534225464,0.6624365482233503,0.3316582914572864,0.5413995415161053,121.42875444966623,0.7918781725888325,0.0,0.5,61.76824855464389,33.171595917723536,0.34517766497461927,0.2912087912087912,0.48311769048451647,334.66546212584933,0.3477157360406091,0.2841225626740947,0.5325018455919494,292.0161758743597,0.7918781725888325,0.06818181818181818,0.43078058825814974,35.388868038743354,0.7918781725888325,0.0,0.4908303221043634,0.485643237362552,215.02885443582198,0.233502538071066,0.35193133047210295,0.5212145937754983,0.4683918094572017,37.64892278411408,0.7918781725888325,0.0,0.6456463457279403,0.5424291875509967,270.0345311162772,0.8135313531353136,0.0,0.5,98.3803658368321,72.83860724524602,0.6864686468646864,0.07766990291262137,0.6171132238547969,118.8822483617495,0.6815181518151815,0.12669683257918551,0.6071144101547274,145.59608620635535,0.8217821782178217,0.45454545454545453,0.5137187113393327,102.24822817468083,0.2722772277227723,0.23304347826086957,0.6150795668310539,0.5027030691273917,117.85675963028832,0.18646864686468648,0.3143254520166898,0.49590726523971734,0.5363939871540665,154.359687415118,0.43564356435643564,0.15346534653465346,0.5527649261951971,0.5242174657244055,166.32510552274087
3IKAQKVAQJ,store_B,False,5,False,False,10,933,394,180,606,0.3504823151125402,0.20812182741116753,0.18646864686468648,,,,,,,,1556182276.9844291,1556182662.5302052,385.5457761287689,0.6624365482233503,0.3316582914572864,0.5413995415161053,121.42875444966623,0.7918781725888325,0.0,0.5,61.76824855464389,33.171595917723536,0.3350253807106599,0.26404494382022475,0.5434976881532424,317.52096419354757,0.39086294416243655,0.32584269662921345,0.5185919104790768,311.5432755890241,0.7918781725888325,0.06818181818181818,0.43078058825814974,35.388868038743354,0.7918781725888325,0.0,0.5124334615534056,0.515541826941757,213.85669191653182,0.22588832487309646,0.34968017057569295,0.4912382950615845,0.4725686754477989,37.69045454811927,0.7918781725888325,0.0,0.5580487236274624,0.593639507324086,270.2754842355165,0.8135313531353136,0.0,0.5,98.3803658368321,72.83860724524602,0.6947194719471947,0.12322274881516589,0.6397715525276662,162.79837652293105,0.7211221122112211,0.17560975609756097,0.5523581947904486,172.63930462305916,0.8217821782178217,0.45454545454545453,0.5137187113393327,102.24822817468083,0.2722772277227723,0.23036649214659685,0.4109173487891267,0.6142152625959632,118.38117960054244,0.18646864686468648,0.3143254520166898,0.46257223719219753,0.5002965749826291,154.30297702452654,0.43564356435643564,0.15346534653465346,0.4766383649397529,0.5380632806277221,166.10666280591064
ONRLFYCT0X,store_B,False,5,False,False,10,933,394,180,606,0.3504823151125402,0.20812182741116753,0.18646864686468648,,,,,,,,1556182364.361088,1556182741.927726,377.5666379928589,0.6624365482233503,0.3316582914572864,0.5413995415161053,121.42875444966623,0.7918781725888325,0.0,0.5,61.76824855464389,33.171595917723536,0.3553299492385787,0.2742857142857143,0.5454404165209621,454.9815403410389,0.39593908629441626,0.29166666666666663,0.4714224657108443,430.89553107236355,0.7918781725888325,0.06818181818181818,0.43078058825814974,35.388868038743354,0.7918781725888325,0.0,0.49452150600303063,0.5014764735594669,211.35636092822733,0.22588832487309646,0.34968017057569295,0.4641760888992501,0.4949294789602518,37.696241184456944,0.7918781725888325,0.0,0.49147142246571085,0.5419046508917124,269.84560728586126,0.8135313531353136,0.0,0.5,98.3803658368321,72.83860724524602,0.7029702970297029,0.1509433962264151,0.6163336553290287,127.45993944412768,0.6683168316831684,0.09865470852017937,0.6287728574575898,119.37905690921168,0.8217821782178217,0.45454545454545453,0.5137187113393327,102.24822817468083,0.26897689768976896,0.22956521739130434,0.2998627281508974,0.5089565644754013,117.71777099673756,0.18646864686468648,0.3143254520166898,0.5010168285118715,0.5104394393885471,154.50183011196438,0.43564356435643564,0.15346534653465346,0.4873574321690647,0.5299710203874116,166.15273187418705
8CLY9BAF3G,store_A,False,5,False,False,10,1008,221,240,779,0.22718253968253968,0.13122171945701358,0.14377406931964057,,,,,,,,1556184203.8752549,1556184590.9654367,387.09018182754517,0.8687782805429864,0.0,0.6108940972222222,160.86920631944218,0.8687782805429864,0.0,0.5,92.96292166482563,26.603567184126508,0.2669683257918552,0.21359223300970875,0.4796006944444444,373.6779531519223,0.21266968325791855,0.1869158878504673,0.5334201388888888,333.0540110826349,0.8687782805429864,0.0,0.3033854166666667,32.10407985072616,0.8687782805429864,0.0,0.544921875,0.4817708333333333,208.6190627289354,0.15384615384615385,0.23673469387755103,0.5505642361111112,0.4969618055555556,35.3561420670603,0.8687782805429864,0.0,0.6267361111111112,0.3551432291666667,262.975135661242,0.8562259306803595,0.0,0.5,95.6295712596573,86.32357746084065,0.6521181001283697,0.22349570200573063,0.5555224547553437,184.4542716905989,0.6469833119383825,0.207492795389049,0.5268190958516422,251.39336542799373,0.7894736842105263,0.31092436974789917,0.5625605124003873,115.18775252207546,0.3632862644415918,0.18421052631578946,0.5183734266775899,0.4625903031205779,114.78732305108699,0.14377406931964057,0.25140291806958476,0.45189543457213077,0.5369553883965145,176.29236470299384,0.49550706033376124,0.14379084967320263,0.5138675802487526,0.42045132941088853,157.93888637665725
NFKKPCIEQ7,store_A,False,5,False,False,10,1008,221,240,779,0.22718253968253968,0.13122171945701358,0.14377406931964057,,,,,,,,1556184274.7341354,1556184666.2059648,391.4718294143677,0.8687782805429864,0.0,0.6108940972222222,160.86920631944218,0.8687782805429864,0.0,0.5,92.96292166482563,26.603567184126508,0.24434389140271492,0.16915422885572137,0.5559895833333334,397.1653255947894,0.24434389140271492,0.215962441314554,0.55078125,271.04665531429214,0.8687782805429864,0.0,0.3033854166666667,32.10407985072616,0.8687782805429864,0.0,0.3976779513888889,0.4901258680555556,207.47044726136554,0.15384615384615385,0.23673469387755103,0.4954427083333333,0.5234375,35.587594908262005,0.8687782805429864,0.0,0.3331163194444444,0.5021701388888888,263.45464411538427,0.8562259306803595,0.0,0.5,95.6295712596573,86.32357746084065,0.6521181001283697,0.20527859237536655,0.5425932821925971,234.9715615562956,0.6367137355584083,0.1844380403458213,0.5478066582259626,218.25106806671926,0.7894736842105263,0.31092436974789917,0.5625605124003873,115.18775252207546,0.36585365853658536,0.18481848184818483,0.6658672823415506,0.5823043122067476,114.96129209827406,0.14377406931964057,0.25140291806958476,0.5153347732181426,0.4750502718403217,176.16448306067207,0.4942233632862644,0.14347826086956522,0.5444328591643703,0.4157890817010501,157.75251490220035
3FVZ01ROK2,store_A,False,5,False,False,10,1008,221,240,779,0.22718253968253968,0.13122171945701358,0.14377406931964057,,,,,,,,1556184592.9999418,1556184978.7805996,385.7806577682495,0.8687782805429864,0.0,0.6108940972222222,160.86920631944218,0.8687782805429864,0.0,0.5,92.96292166482563,26.603567184126508,0.21266968325791855,0.1869158878504673,0.5724826388888888,189.93303274208722,0.24434389140271492,0.20095693779904306,0.5062934027777778,455.5283109384956,0.8687782805429864,0.0,0.3033854166666667,32.10407985072616,0.8687782805429864,0.0,0.6064453125,0.4753689236111111,207.36831027405563,0.15384615384615385,0.23673469387755103,0.5390625,0.560546875,35.4560069163927,0.8687782805429864,0.0,0.611328125,0.3021918402777778,263.4620104213354,0.8562259306803595,0.0,0.5,95.6295712596573,86.32357746084065,0.6392811296534018,0.2258953168044077,0.5436806434795561,227.2604183965548,0.6238767650834403,0.1792717086834734,0.5499515900796902,225.9445220381561,0.7894736842105263,0.31092436974789917,0.5625605124003873,115.18775252207546,0.36713735558408217,0.18512396694214875,0.5283533179414612,0.491591569226186,115.26302521591633,0.14377406931964057,0.25140291806958476,0.5367543010352275,0.4844194533402845,176.1930181040732,0.49037227214377405,0.14254859611231102,0.3602368362255158,0.5792805541073955,157.34737861785126
25W6VWO8NE,store_A,False,5,False,False,10,1008,221,240,779,0.22718253968253968,0.13122171945701358,0.14377406931964057,,,,,,,,1556184668.2772257,1556185061.5029106,393.2256848812103,0.8687782805429864,0.0,0.6108940972222222,160.86920631944218,0.8687782805429864,0.0,0.5,92.96292166482563,26.603567184126508,0.2579185520361991,0.2038834951456311,0.5924479166666666,314.3750869507472,0.2171945701357466,0.19534883720930232,0.5104166666666666,495.29442705183453,0.8687782805429864,0.0,0.3033854166666667,32.10407985072616,0.8687782805429864,0.0,0.5690104166666666,0.5203993055555556,206.35440678945022,0.15384615384615385,0.23673469387755103,0.4654947916666667,0.4747178819444444,35.32782682133965,0.8687782805429864,0.0,0.650390625,0.3640407986111111,263.6863803154538,0.8562259306803595,0.0,0.5,95.6295712596573,86.32357746084065,0.6598202824133504,0.2042042042042042,0.5453638191703284,199.5385301206688,0.6636713735558408,0.14935064935064934,0.552379533775229,181.38015686234658,0.7894736842105263,0.31092436974789917,0.5625605124003873,115.18775252207546,0.362002567394095,0.18390804597701152,0.595039845088255,0.5270127355328815,114.00443282230138,0.14377406931964057,0.25140291806958476,0.5554181872346764,0.5046324569896478,176.25566936198973,0.49550706033376124,0.14379084967320263,0.6256423624041111,0.5576673866090712,157.71375481023983
L695RJNVAL,store_A,False,5,False,False,10,1008,221,240,779,0.22718253968253968,0.13122171945701358,0.14377406931964057,,,,,,,,1556184980.7909658,1556185364.5844889,383.7935230731964,0.8687782805429864,0.0,0.6108940972222222,160.86920631944218,0.8687782805429864,0.0,0.5,92.96292166482563,26.603567184126508,0.26244343891402716,0.21256038647342992,0.4993489583333333,385.48251391849425,0.23529411764705882,0.21395348837209302,0.5108506944444444,404.93130579750715,0.8687782805429864,0.0,0.3033854166666667,32.10407985072616,0.8687782805429864,0.0,0.4600694444444444,0.3970269097222222,206.7320543859712,0.15384615384615385,0.23673469387755103,0.5026041666666666,0.4725477430555556,35.614958914802216,0.8687782805429864,0.0,0.6095920138888888,0.4650607638888889,263.4194752287648,0.8562259306803595,0.0,0.5,95.6295712596573,86.32357746084065,0.631578947368421,0.20055710306406685,0.5285767483428911,226.62691909343485,0.668806161745828,0.25,0.5173009607507262,287.8971221604167,0.7894736842105263,0.31092436974789917,0.5625605124003873,115.18775252207546,0.3632862644415918,0.18421052631578946,0.3908542489014672,0.5486259030312057,114.60645916577684,0.14377406931964057,0.25140291806958476,0.49641766589707303,0.47537796976241903,176.22961682969898,0.49293966623876767,0.14316702819956617,0.6106725255083042,0.37723244209428763,157.6327561826945
DV5Y15L8F6,store_A,False,5,False,False,10,1008,221,240,779,0.22718253968253968,0.13122171945701358,0.14377406931964057,,,,,,,,1556185063.5365045,1556185448.3294764,384.7929718494415,0.8687782805429864,0.0,0.6108940972222222,160.86920631944218,0.8687782805429864,0.0,0.5,92.96292166482563,26.603567184126508,0.2398190045248869,0.22935779816513757,0.4911024305555556,314.88024271317414,0.23529411764705882,0.2352941176470588,0.4674479166666667,459.97606387772817,0.8687782805429864,0.0,0.3033854166666667,32.10407985072616,0.8687782805429864,0.0,0.3972439236111111,0.5307074652777778,207.2190681838765,0.15384615384615385,0.23673469387755103,0.4635416666666667,0.5374348958333334,35.60279088532916,0.8687782805429864,0.0,0.3209635416666667,0.5597873263888888,263.0648693158687,0.8562259306803595,0.0,0.5,95.6295712596573,86.32357746084065,0.6059050064184852,0.18133333333333332,0.5876368511208758,211.86198064140726,0.6187419768934531,0.15864022662889518,0.5451254934088031,186.1143766654876,0.7894736842105263,0.31092436974789917,0.5625605124003873,115.18775252207546,0.3632862644415918,0.18421052631578946,0.5886944216876443,0.41842556043792356,114.47347010257093,0.14377406931964057,0.25140291806958476,0.5228122439859983,0.5074104416474269,176.24921597042638,0.49037227214377405,0.14254859611231102,0.6592611901392716,0.6696209130855738,157.3689228368277
RC2Q0XXAZ7,store_A,False,5,False,False,10,1008,221,240,779,0.22718253968253968,0.13122171945701358,0.14377406931964057,,,,,,,,1556185366.618993,1556185742.6240199,376.0050268173218,0.8687782805429864,0.0,0.6108940972222222,160.86920631944218,0.8687782805429864,0.0,0.5,92.96292166482563,26.603567184126508,0.248868778280543,0.2095238095238095,0.4654947916666667,406.1787413809176,0.25339366515837103,0.20289855072463767,0.4993489583333333,358.8526071449481,0.8687782805429864,0.0,0.3033854166666667,32.10407985072616,0.8687782805429864,0.0,0.5799696180555556,0.5715060763888888,208.26365722467276,0.1493212669683258,0.23577235772357724,0.458984375,0.5377604166666666,35.61500909913867,0.8687782805429864,0.0,0.6551649305555556,0.4125434027777778,263.01511682193535,0.8562259306803595,0.0,0.5,95.6295712596573,86.32357746084065,0.631578947368421,0.17765042979942697,0.5963953228569301,177.6511155751549,0.6546854942233633,0.19219219219219216,0.5402845013778208,221.96286865681734,0.7894736842105263,0.31092436974789917,0.5625605124003873,115.18775252207546,0.36585365853658536,0.18481848184818483,0.5721456766217323,0.568436731957995,114.58437819726001,0.14377406931964057,0.25140291806958476,0.5223579355030908,0.4967155730989797,176.4412290822457,0.49037227214377405,0.14254859611231102,0.4199970209279809,0.5452893423698518,157.26012850355673
4VX2B4YHL0,store_A,False,5,False,False,10,1008,221,240,779,0.22718253968253968,0.13122171945701358,0.14377406931964057,,,,,,,,1556185450.3598096,1556185824.5973148,374.237505197525,0.8687782805429864,0.0,0.6108940972222222,160.86920631944218,0.8687782805429864,0.0,0.5,92.96292166482563,26.603567184126508,0.2850678733031674,0.2403846153846154,0.3812934027777778,474.25687525761674,0.24434389140271492,0.215962441314554,0.5603298611111112,269.54478745914423,0.8687782805429864,0.0,0.3033854166666667,32.10407985072616,0.8687782805429864,0.0,0.4533420138888889,0.5,207.00438966894671,0.1493212669683258,0.23577235772357724,0.5965711805555556,0.4934895833333333,35.5421554607734,0.8687782805429864,0.0,0.3615451388888889,0.3455946180555556,263.44129118986586,0.8562259306803595,0.0,0.5,95.6295712596573,86.32357746084065,0.6405648267008985,0.21787709497206703,0.5169136813882476,257.28787850599895,0.6277278562259306,0.1714285714285714,0.5886944216876443,213.33483634025964,0.7894736842105263,0.31092436974789917,0.5625605124003873,115.18775252207546,0.3607188703465982,0.1836065573770492,0.34941535711625826,0.3812467416399791,114.5113690689464,0.14377406931964057,0.25140291806958476,0.4623594250391003,0.47411186415431594,176.3528151368408,0.49550706033376124,0.14379084967320263,0.624934832799583,0.37875176882401135,157.92758418569005
Y9WEIQE8UR,store_A,False,5,False,False,10,1008,221,240,779,0.22718253968253968,0.13122171945701358,0.14377406931964057,,,,,,,,1556185744.7212424,1556186130.4572263,385.7359838485718,0.8687782805429864,0.0,0.6108940972222222,160.86920631944218,0.8687782805429864,0.0,0.5,92.96292166482563,26.603567184126508,0.25339366515837103,0.1951219512195122,0.447265625,323.59842297132525,0.27601809954751133,0.2079207920792079,0.4891493055555556,353.76727037144366,0.8687782805429864,0.0,0.3033854166666667,32.10407985072616,0.8687782805429864,0.0,0.6119791666666666,0.5436197916666666,207.2456055638688,0.14479638009049775,0.2348178137651822,0.4835069444444444,0.4940321180555556,35.380159413675834,0.8687782805429864,0.0,0.5055338541666666,0.4458550347222222,263.337830344831,0.8562259306803595,0.0,0.5,95.6295712596573,86.32357746084065,0.6084724005134788,0.17344173441734417,0.5757950398450883,192.225895848942,0.6392811296534018,0.18075801749271136,0.5471959484620541,218.5520409083532,0.7894736842105263,0.31092436974789917,0.5625605124003873,115.18775252207546,0.3632862644415918,0.18421052631578946,0.4962091308557384,0.5455723542116631,114.71460637580313,0.14377406931964057,0.25140291806958476,0.49631339837640576,0.5121769568779325,176.19333664877055,0.4942233632862644,0.13973799126637554,0.6411558799433976,0.33617338199150965,158.00895327344674
N4ENWSJFLV,store_A,False,5,False,False,10,1008,221,240,779,0.22718253968253968,0.13122171945701358,0.14377406931964057,,,,,,,,1556185826.582439,1556186212.2972274,385.71478843688965,0.8687782805429864,0.0,0.6108940972222222,160.86920631944218,0.8687782805429864,0.0,0.5,92.96292166482563,26.603567184126508,0.27149321266968324,0.1990049751243781,0.4871961805555556,331.85526404480936,0.23076923076923078,0.205607476635514,0.5581597222222222,321.32499757733507,0.8687782805429864,0.0,0.3033854166666667,32.10407985072616,0.8687782805429864,0.0,0.396484375,0.4163411458333333,208.35536614214925,0.1493212669683258,0.23577235772357724,0.5677083333333334,0.5155164930555556,35.48236470249995,0.8687782805429864,0.0,0.5909288194444444,0.4745008680555556,263.38726353976926,0.8562259306803595,0.0,0.5,95.6295712596573,86.32357746084065,0.6328626444159179,0.16374269005847952,0.5503686601623594,216.45170110498825,0.6341463414634146,0.18803418803418803,0.5529455574588515,192.7046396731808,0.7894736842105263,0.31092436974789917,0.5625605124003873,115.18775252207546,0.3645699614890886,0.1845140032948929,0.4866016235942504,0.655604379235868,114.95800530276745,0.14377406931964057,0.25140291806958476,0.45378714530423775,0.42893423698517913,176.2517617045825,0.49037227214377405,0.14254859611231102,0.4859983615103895,0.5457808892529977,157.45169362831712
Z55D7G7CUK,store_B,False,5,False,False,10,1192,248,240,752,0.3691275167785235,0.18951612903225806,0.16356382978723405,,,,,,,,1556186132.4534113,1556186618.4825885,486.0291771888733,0.8064516129032258,0.04,0.48498282167793416,166.41940163289567,0.8104838709677419,0.0,0.5,78.71747616659178,24.965399563665553,0.28225806451612906,0.28800000000000003,0.45960323617422144,441.53837136592546,0.31451612903225806,0.2916666666666667,0.4914108389670841,358.10344492648244,0.7862903225806451,0.07017543859649122,0.5113598581403082,22.93808965890781,0.8104838709677419,0.0,0.4815471572647678,0.5445528094868669,216.68313412561096,0.2217741935483871,0.32280701754385965,0.5379031364291256,0.4811038457275851,28.662422741282864,0.8104838709677419,0.0,0.4726809265211127,0.5059847057519672,272.5222930029066,0.836436170212766,0.0,0.5,98.44032547159625,83.13417167792709,0.6236702127659575,0.16519174041297935,0.6345990739839547,168.8792472704695,0.6422872340425532,0.17737003058103973,0.604176805105602,191.0005385310092,0.6023936170212766,0.3731656184486373,0.656706664256615,117.34158263680374,0.38563829787234044,0.15073529411764708,0.2968256837363218,0.44904826128668957,121.04068562824828,0.16356382978723405,0.2811428571428572,0.4921093978114876,0.5256670513480068,164.0526607515115,0.5279255319148937,0.14043583535108958,0.42850488730690617,0.4771415859067588,166.42140943044325
RMBWHGM4BO,store_B,False,5,False,False,10,1192,248,240,752,0.3691275167785235,0.18951612903225806,0.16356382978723405,,,,,,,,1556186214.351413,1556186708.2374334,493.8860204219818,0.8064516129032258,0.04,0.48498282167793416,166.41940163289567,0.8104838709677419,0.0,0.5,78.71747616659178,24.965399563665553,0.2903225806451613,0.30708661417322836,0.46525545827330156,364.8354816395108,0.3548387096774194,0.32773109243697474,0.5078133658428461,323.3048311619183,0.7862903225806451,0.07017543859649122,0.5113598581403082,22.93808965890781,0.8104838709677419,0.0,0.5181203590823451,0.524215892718608,216.13557900470997,0.2217741935483871,0.3275261324041812,0.46558794192618863,0.5119139975617866,28.62989306196916,0.8104838709677419,0.0,0.5089216446858029,0.5412279729579962,272.89886135668814,0.836436170212766,0.0,0.5,98.44032547159625,83.13417167792709,0.6409574468085106,0.17682926829268292,0.6026056367403123,169.49336747810335,0.5904255319148937,0.16304347826086954,0.6202917089584405,203.98201686597494,0.6023936170212766,0.3731656184486373,0.656706664256615,117.34158263680374,0.3829787234042553,0.15018315018315018,0.5235327651172814,0.4935415247285216,120.27458834533448,0.16356382978723405,0.2811428571428572,0.5208770734555971,0.5043867576924681,163.60871773402937,0.5292553191489362,0.1407766990291262,0.49979838990002917,0.49961068394488395,166.62565365392348
0O3KLLF9YG,store_B,False,5,False,False,10,1192,248,240,752,0.3691275167785235,0.18951612903225806,0.16356382978723405,,,,,,,,1556186620.5142784,1556187106.5639462,486.0496678352356,0.8064516129032258,0.04,0.48498282167793416,166.41940163289567,0.8104838709677419,0.0,0.5,78.71747616659178,24.965399563665553,0.2903225806451613,0.27272727272727276,0.5295356311648011,394.3066202685754,0.3225806451612903,0.3170731707317073,0.44951789870331377,343.18791642335714,0.7862903225806451,0.07017543859649122,0.5113598581403082,22.93808965890781,0.8104838709677419,0.0,0.4794414274631497,0.49994458605785214,217.12238689397816,0.22983870967741934,0.3250883392226148,0.4454172669843733,0.5143522110162917,28.59850939294804,0.8104838709677419,0.0,0.386733902249806,0.5727030920979719,272.46470645993116,0.836436170212766,0.0,0.5,98.44032547159625,83.13417167792709,0.6196808510638298,0.12804878048780488,0.6455416359616801,182.4804196346679,0.586436170212766,0.12885154061624648,0.6310952294879103,174.52128967371004,0.6023936170212766,0.3731656184486373,0.656706664256615,117.34158263680374,0.38563829787234044,0.15073529411764708,0.5368529358601799,0.4178890727325816,121.10909439607705,0.16356382978723405,0.2811428571428572,0.5103099233881621,0.4978379054796235,163.84385527573716,0.5279255319148937,0.14043583535108958,0.5077307045230183,0.4834957800920454,166.46102298846466
IBEUP0JT3H,store_B,False,5,False,False,10,1192,248,240,752,0.3691275167785235,0.18951612903225806,0.16356382978723405,,,,,,,,1556186710.3333511,1556187194.1798997,483.8465485572815,0.8064516129032258,0.04,0.48498282167793416,166.41940163289567,0.8104838709677419,0.0,0.5,78.71747616659178,24.965399563665553,0.2862903225806452,0.2594142259414226,0.5577967416602017,298.70147690505416,0.2782258064516129,0.27530364372469635,0.49074587166131,413.1256260028455,0.7862903225806451,0.07017543859649122,0.5113598581403082,22.93808965890781,0.8104838709677419,0.0,0.5361298902803946,0.49118918319849275,217.07729924566158,0.21774193548387097,0.3263888888888889,0.49473567549595476,0.4824891942812812,28.77636690294624,0.8104838709677419,0.0,0.4535631164801064,0.4486866895710961,272.8302841701548,0.836436170212766,0.0,0.5,98.44032547159625,83.13417167792709,0.6210106382978723,0.16422287390029325,0.619526980993034,181.46084665110828,0.6196808510638298,0.1686046511627907,0.6264373409713435,211.80773009403686,0.6023936170212766,0.3731656184486373,0.656706664256615,117.34158263680374,0.386968085106383,0.15101289134438306,0.7211801838127946,0.4852963668469571,121.20954988957479,0.16356382978723405,0.2811428571428572,0.44252721736349604,0.5385353373840742,163.67475451854776,0.5279255319148937,0.14043583535108958,0.473721166279668,0.541566440956049,166.61837843238095
IVRHYNX21O,store_B,False,5,False,False,10,1192,248,240,752,0.3691275167785235,0.18951612903225806,0.16356382978723405,,,,,,,,1556187108.5502002,1556187592.4147098,483.86450958251953,0.8064516129032258,0.04,0.48498282167793416,166.41940163289567,0.8104838709677419,0.0,0.5,78.71747616659178,24.965399563665553,0.31048387096774194,0.3132530120481928,0.5256566552144519,333.6341819724834,0.2782258064516129,0.2811244979919678,0.46148731020724815,461.08872405088766,0.7862903225806451,0.07017543859649122,0.5113598581403082,22.93808965890781,0.8104838709677419,0.0,0.5177324614873102,0.45932616646348223,215.9920157793021,0.2217741935483871,0.32280701754385965,0.5253241715615649,0.5159038013964313,28.77105295484682,0.8104838709677419,0.0,0.4383242823894492,0.4485758616868004,272.44544822059345,0.836436170212766,0.0,0.5,98.44032547159625,83.13417167792709,0.6156914893617021,0.16231884057971013,0.6100860666564702,237.96586170678512,0.6343085106382979,0.1887905604719764,0.5722111761516108,184.58596817032074,0.6023936170212766,0.3731656184486373,0.656706664256615,117.34158263680374,0.38563829787234044,0.15073529411764708,0.35394391067977365,0.5662602021662657,121.10912214430464,0.16356382978723405,0.2811428571428572,0.5221562547795497,0.49553676951099124,163.80656452033543,0.5292553191489362,0.1407766990291262,0.5936861278347075,0.4037833178070383,166.6211406488655
VLJNABQ2PP,store_B,False,5,False,False,10,1192,248,240,752,0.3691275167785235,0.18951612903225806,0.16356382978723405,,,,,,,,1556187196.1829252,1556187684.9848986,488.8019733428955,0.8064516129032258,0.04,0.48498282167793416,166.41940163289567,0.8104838709677419,0.0,0.5,78.71747616659178,24.965399563665553,0.28225806451612906,0.29365079365079366,0.4587166130998559,406.17313506119217,0.2701612903225806,0.26720647773279355,0.5429458051645794,379.9981092802248,0.7862903225806451,0.07017543859649122,0.5113598581403082,22.93808965890781,0.8104838709677419,0.0,0.5121356533303779,0.5064834312312978,216.74273645821705,0.22983870967741934,0.3250883392226148,0.5415050426687354,0.519228637925302,28.378846290645765,0.8104838709677419,0.0,0.6159813809154383,0.4762828327607226,272.6785587186885,0.836436170212766,0.0,0.5,98.44032547159625,83.13417167792709,0.6103723404255319,0.13569321533923304,0.6231837710821596,177.76797412897463,0.5957446808510638,0.15555555555555553,0.6213067115307073,176.34859091404277,0.6023936170212766,0.3731656184486373,0.656706664256615,117.34158263680374,0.3829787234042553,0.15018315018315018,0.33385242140682136,0.7130462590898347,120.73419687307484,0.16356382978723405,0.2811428571428572,0.5094826267710404,0.5260077028962333,163.86558671806844,0.5279255319148937,0.14043583535108958,0.4447101681011109,0.48060371796832635,166.32524482394484
HVC1J6KUL9,store_B,False,5,False,False,10,1192,248,240,752,0.3691275167785235,0.18951612903225806,0.16356382978723405,,,,,,,,1556187594.4456117,1556188079.3050013,484.8593895435333,0.8064516129032258,0.04,0.48498282167793416,166.41940163289567,0.8104838709677419,0.0,0.5,78.71747616659178,24.965399563665553,0.32661290322580644,0.3127572016460905,0.417377812257564,442.9534848283273,0.2701612903225806,0.29571984435797666,0.4835420591820902,455.35117995150017,0.7862903225806451,0.07017543859649122,0.5113598581403082,22.93808965890781,0.8104838709677419,0.0,0.5194502936938934,0.5052089105618974,215.79921216673517,0.2217741935483871,0.32280701754385965,0.49174332261997117,0.4830433337027596,28.640633689293274,0.8104838709677419,0.0,0.3959880305884961,0.41482877091876313,272.90811424092647,0.836436170212766,0.0,0.5,98.44032547159625,83.13417167792709,0.6183510638297872,0.1776504297994269,0.6214596571237886,200.3939907756558,0.6236702127659575,0.1602373887240356,0.6002697404096161,197.26110526577168,0.6023936170212766,0.3731656184486373,0.656706664256615,117.34158263680374,0.3829787234042553,0.15018315018315018,0.518082340345657,0.3125234632443932,120.4640753721332,0.16356382978723405,0.2811428571428572,0.5344683750225943,0.46998790339400176,164.08173062727582,0.5305851063829787,0.1411192214111922,0.5185689854145521,0.6172606053864657,166.69277595308094
NNTJLYD4GH,store_B,False,5,False,False,10,1192,248,240,752,0.3691275167785235,0.18951612903225806,0.16356382978723405,,,,,,,,1556187686.9946406,1556188171.6006835,484.6060428619385,0.8064516129032258,0.04,0.48498282167793416,166.41940163289567,0.8104838709677419,0.0,0.5,78.71747616659178,24.965399563665553,0.2862903225806452,0.2891566265060241,0.47689238612434887,444.4193522763788,0.32661290322580644,0.32931726907630526,0.4877535187853264,367.86019905680496,0.7862903225806451,0.07017543859649122,0.5113598581403082,22.93808965890781,0.8104838709677419,0.0,0.6259558905020504,0.5002216557685913,215.73865403530547,0.23790322580645162,0.33215547703180215,0.5718718829657542,0.5005541394214784,28.582827173407868,0.8104838709677419,0.0,0.4409841516125457,0.4887509697439876,272.90241154192506,0.836436170212766,0.0,0.5,98.44032547159625,83.13417167792709,0.5877659574468085,0.14835164835164835,0.639368195659126,214.77411233819686,0.6289893617021277,0.1769911504424779,0.5756176916338761,192.32883815115375,0.6023936170212766,0.3731656184486373,0.656706664256615,117.34158263680374,0.3816489361702128,0.14990859232175502,0.5254932495376872,0.7201790853853534,120.85427662816635,0.16356382978723405,0.2811428571428572,0.5068755996162456,0.521725226289957,163.92804468845677,0.5279255319148937,0.14043583535108958,0.39038667426759915,0.4262802241348146,166.70198582975243
TDK2LLJ50G,store_B,False,5,False,False,10,1192,248,240,752,0.3691275167785235,0.18951612903225806,0.16356382978723405,,,,,,,,1556188081.3376243,1556188567.963586,486.6259617805481,0.8064516129032258,0.04,0.48498282167793416,166.41940163289567,0.8104838709677419,0.0,0.5,78.71747616659178,24.965399563665553,0.3346774193548387,0.32098765432098764,0.3985370719272969,545.235920784447,0.2620967741935484,0.2879377431906615,0.5048210129668624,518.1596031004676,0.7862903225806451,0.07017543859649122,0.5113598581403082,22.93808965890781,0.8104838709677419,0.0,0.525989138867339,0.5550814584949574,217.22902200463466,0.2217741935483871,0.3275261324041812,0.504266873545384,0.5442203258339798,28.54579279560707,0.8104838709677419,0.0,0.42491410838967086,0.5999113376925634,272.56140879856497,0.836436170212766,0.0,0.5,98.44032547159625,83.13417167792709,0.5970744680851063,0.14647887323943662,0.6229334964752993,202.19212909022343,0.6063829787234043,0.18232044198895028,0.5870051862460199,201.6288843793987,0.6023936170212766,0.3731656184486373,0.656706664256615,117.34158263680374,0.3882978723404255,0.15129151291512916,0.709361660711058,0.4048052724517179,121.25468874344575,0.16356382978723405,0.2811428571428572,0.47782288900321185,0.5513688630580776,163.88820274349777,0.526595744680851,0.1400966183574879,0.40566732943090333,0.5191599115696389,166.28815868733312
RA0RS8U3WJ,store_B,False,5,False,False,10,1192,248,240,752,0.3691275167785235,0.18951612903225806,0.16356382978723405,,,,,,,,1556188173.6416276,1556188659.867876,486.2262485027313,0.8064516129032258,0.04,0.48498282167793416,166.41940163289567,0.8104838709677419,0.0,0.5,78.71747616659178,24.965399563665553,0.2903225806451613,0.2903225806451613,0.49684140529757287,507.916137744852,0.3185483870967742,0.310204081632653,0.49628726587609445,403.7757826882668,0.7862903225806451,0.07017543859649122,0.5113598581403082,22.93808965890781,0.8104838709677419,0.0,0.5231076138756511,0.47257009863681704,216.67683924999585,0.21774193548387097,0.3263888888888889,0.49202039233071043,0.49983375817355646,28.66697426391501,0.8104838709677419,0.0,0.6113820237171672,0.4936273966529979,272.59259907025853,0.836436170212766,0.0,0.5,98.44032547159625,83.13417167792709,0.6196808510638298,0.1875,0.6080977739464134,194.09922649562625,0.6223404255319149,0.1744186046511628,0.613965323062805,215.75012730944727,0.6023936170212766,0.3731656184486373,0.656706664256615,117.34158263680374,0.38430851063829785,0.15045871559633026,0.5102682109536852,0.7243503288330251,121.20362107962757,0.16356382978723405,0.2811428571428572,0.5176026473491748,0.4761404874793176,163.99261241124935,0.5279255319148937,0.14043583535108958,0.5511116363788046,0.3826351135273425,166.43077016821806
9LORHDKVP2,store_C,False,5,False,False,10,1899,105,240,895,0.5286993154291733,0.29523809523809524,0.13743016759776536,,,,,,,,1556188570.0475547,1556189376.9150999,806.8675451278687,0.7047619047619048,0.0,0.5672862453531599,152.25823263636025,0.7047619047619048,0.0,0.5,62.08292716036234,7.8194354568398134,0.3619047619047619,0.4273504273504274,0.4728624535315985,410.8539525424018,0.4,0.4521739130434783,0.4966542750929368,243.07566856010803,0.6952380952380952,0.0,0.4672862453531598,11.687476365856519,0.7047619047619048,0.0,0.5178438661710038,0.520817843866171,227.82524918983947,0.29523809523809524,0.45588235294117646,0.475092936802974,0.5048327137546469,8.74489333182204,0.7047619047619048,0.0,0.49739776951672865,0.5011152416356878,282.006096455954,0.8625698324022346,0.0,0.5,62.21791750286823,61.19740390627264,0.6134078212290502,0.16425120772946863,0.6397469005377245,145.00780782015363,0.6134078212290502,0.16826923076923078,0.6216587852567327,141.57877238520805,0.48379888268156424,0.2643312101910828,0.7480799543884361,61.439514549440155,0.6100558659217877,0.05420054200542005,0.5410671764429688,0.44005097763021095,164.469252437128,0.13743016759776536,0.24165029469548133,0.4864786307587394,0.46266671138388615,97.7191324658487,0.8,0.011049723756906077,0.3857307352628814,0.3990285184067255,218.43957853957917
40UVLZIXOO,store_C,False,5,False,False,10,1899,105,240,895,0.5286993154291733,0.29523809523809524,0.13743016759776536,,,,,,,,1556188661.9059165,1556189492.3653438,830.45942735672,0.7047619047619048,0.0,0.5672862453531599,152.25823263636025,0.7047619047619048,0.0,0.5,62.08292716036234,7.8194354568398134,0.4,0.47933884297520657,0.445724907063197,405.81833698617885,0.29523809523809524,0.4126984126984127,0.4096654275092937,447.9728069629241,0.6952380952380952,0.0,0.4672862453531598,11.687476365856519,0.7047619047619048,0.0,0.6061338289962825,0.5288104089219331,226.09942660778447,0.29523809523809524,0.45588235294117646,0.6029739776951673,0.5990706319702602,8.824524488726688,0.7047619047619048,0.0,0.40892193308550184,0.4392193308550186,281.6671437169484,0.8625698324022346,0.0,0.5,62.21791750286823,61.19740390627264,0.5988826815642458,0.16705336426914152,0.6385730735262881,184.15953887262032,0.5787709497206703,0.1677704194260486,0.6412002101709315,204.65486736678722,0.48379888268156424,0.2643312101910828,0.7480799543884361,61.439514549440155,0.6134078212290502,0.0546448087431694,0.5167857262635409,0.4813585091279024,164.68863640954513,0.13743016759776536,0.24165029469548133,0.529172396060413,0.4767470458686879,97.75270252565248,0.8,0.011049723756906077,0.5135325485461314,0.47339884405987637,218.06285012087582
0OZDO0KEYR,store_C,False,5,False,False,10,1899,105,240,895,0.5286993154291733,0.29523809523809524,0.13743016759776536,,,,,,,,1556189378.9485142,1556190174.6000512,795.6515369415283,0.7047619047619048,0.0,0.5672862453531599,152.25823263636025,0.7047619047619048,0.0,0.5,62.08292716036234,7.8194354568398134,0.3523809523809524,0.45161290322580644,0.4962825278810409,328.42696362868287,0.3619047619047619,0.464,0.48587360594795537,360.9687412217901,0.6952380952380952,0.0,0.4672862453531598,11.687476365856519,0.7047619047619048,0.0,0.5728624535315985,0.4224907063197026,225.84439782774052,0.29523809523809524,0.45588235294117646,0.528996282527881,0.5555762081784387,8.65916700227808,0.7047619047619048,0.0,0.4579925650557621,0.6094795539033457,281.72640501621606,0.8625698324022346,0.0,0.5,62.21791750286823,61.19740390627264,0.5955307262569832,0.18099547511312217,0.6316419045063778,170.40494315658475,0.6145251396648045,0.19953596287703015,0.639467417915954,177.1198742727474,0.48379888268156424,0.2643312101910828,0.7480799543884361,61.439514549440155,0.6067039106145251,0.053763440860215055,0.44841309767358667,0.4128740874892399,163.94721184294045,0.13743016759776536,0.24165029469548133,0.48114610233535676,0.46974880101955263,97.68182461224944,0.8,0.011049723756906077,0.4947792646253256,0.46945254944047576,217.97283003987434
GB657JT6DQ,store_C,False,5,False,False,10,1899,105,240,895,0.5286993154291733,0.29523809523809524,0.13743016759776536,,,,,,,,1556189494.4388816,1556190291.4367487,796.9978671073914,0.7047619047619048,0.0,0.5672862453531599,152.25823263636025,0.7047619047619048,0.0,0.5,62.08292716036234,7.8194354568398134,0.37142857142857144,0.459016393442623,0.5490706319702602,329.86630074001755,0.3142857142857143,0.4285714285714285,0.46988847583643123,370.20191989593894,0.6952380952380952,0.0,0.4672862453531598,11.687476365856519,0.7047619047619048,0.0,0.5544609665427509,0.4721189591078067,227.13348089087205,0.29523809523809524,0.45588235294117646,0.38847583643122674,0.4706319702602231,8.534552843579062,0.7047619047619048,0.0,0.4828996282527881,0.5420074349442379,282.2447682564757,0.8625698324022346,0.0,0.5,62.21791750286823,61.19740390627264,0.5910614525139665,0.15277777777777776,0.6245877631328884,170.14446428979994,0.5977653631284916,0.15492957746478875,0.6506914400062604,191.08543311169126,0.48379888268156424,0.2643312101910828,0.7480799543884361,61.439514549440155,0.605586592178771,0.053619302949061656,0.45951414741031404,0.5538451219103196,164.22130416838496,0.13743016759776536,0.24165029469548133,0.487736302556707,0.5158243060446501,97.86282836751369,0.8,0.02185792349726776,0.4487596561245822,0.4239695475735319,217.86943608028778
FZ98VMCPPO,store_C,False,5,False,False,10,1899,105,240,895,0.5286993154291733,0.29523809523809524,0.13743016759776536,,,,,,,,1556190176.6555374,1556190990.5927842,813.937246799469,0.7047619047619048,0.0,0.5672862453531599,152.25823263636025,0.7047619047619048,0.0,0.5,62.08292716036234,7.8194354568398134,0.3333333333333333,0.435483870967742,0.47732342007434947,362.575341553517,0.3333333333333333,0.4067796610169492,0.5312267657992565,309.5472659315418,0.6952380952380952,0.0,0.4672862453531598,11.687476365856519,0.7047619047619048,0.0,0.4306691449814126,0.4972118959107807,227.37813857029107,0.2857142857142857,0.4444444444444444,0.5442379182156134,0.45929368029739776,8.153466214300503,0.7047619047619048,0.0,0.5169144981412639,0.4607806691449814,282.02801487162986,0.8625698324022346,0.0,0.5,62.21791750286823,61.19740390627264,0.6089385474860335,0.20454545454545456,0.5740461258118971,183.22790028812912,0.5899441340782123,0.18262806236080179,0.6132743066036154,173.50039232019878,0.48379888268156424,0.2643312101910828,0.7480799543884361,61.439514549440155,0.6089385474860335,0.05405405405405406,0.6040402007803155,0.561782428368604,164.52248677961745,0.13743016759776536,0.24165029469548133,0.4786866552637757,0.4989211970799656,97.80787831987264,0.8,0.011049723756906077,0.5417770623022661,0.509452102268281,218.36504324427887
0T4P2U009X,store_C,False,5,False,False,10,1899,105,240,895,0.5286993154291733,0.29523809523809524,0.13743016759776536,,,,,,,,1556190293.4842217,1556191102.9470143,809.462792634964,0.7047619047619048,0.0,0.5672862453531599,152.25823263636025,0.7047619047619048,0.0,0.5,62.08292716036234,7.8194354568398134,0.4,0.4705882352941176,0.42527881040892196,270.8431889484165,0.3523809523809524,0.43333333333333335,0.47806691449814126,279.2944491770801,0.6952380952380952,0.0,0.4672862453531598,11.687476365856519,0.7047619047619048,0.0,0.44144981412639406,0.4650557620817844,224.51687178124803,0.29523809523809524,0.45588235294117646,0.48698884758364314,0.4949814126394052,8.617073653269925,0.7047619047619048,0.0,0.5195167286245354,0.4591078066914498,281.91195253379084,0.8625698324022346,0.0,0.5,62.21791750286823,61.19740390627264,0.623463687150838,0.17603911980440098,0.6410213412929984,137.76045220697918,0.6122905027932961,0.1718377088305489,0.6140792165543146,212.57474514742438,0.48379888268156424,0.2643312101910828,0.7480799543884361,61.439514549440155,0.6122905027932961,0.05449591280653951,0.7133179058926116,0.5211680137729036,164.78780428913777,0.13743016759776536,0.24165029469548133,0.5360253099462275,0.5163609126784496,97.6837258953636,0.7988826815642458,0.01098901098901099,0.39409285530625704,0.4880549127455255,217.79988825360863
8E6XF15YV4,store_C,False,5,False,False,10,1899,105,240,895,0.5286993154291733,0.29523809523809524,0.13743016759776536,,,,,,,,1556190992.6162534,1556191803.576841,810.9605877399445,0.7047619047619048,0.0,0.5672862453531599,152.25823263636025,0.7047619047619048,0.0,0.5,62.08292716036234,7.8194354568398134,0.3047619047619048,0.39669421487603307,0.512267657992565,248.06974014774167,0.3333333333333333,0.4262295081967213,0.5379182156133829,343.27433989555635,0.6952380952380952,0.0,0.4672862453531598,11.687476365856519,0.7047619047619048,0.0,0.5925650557620817,0.54182156133829,225.1870884683513,0.29523809523809524,0.45588235294117646,0.39144981412639407,0.5191449814126394,8.450139546431425,0.7047619047619048,0.0,0.46263940520446095,0.4775092936802974,281.8348829209884,0.8625698324022346,0.0,0.5,62.21791750286823,61.19740390627264,0.5944134078212291,0.1768707482993197,0.6433689953158712,167.574348329723,0.5910614525139665,0.15668202764976957,0.6491822338486993,143.30067518829634,0.48379888268156424,0.2643312101910828,0.7480799543884361,61.439514549440155,0.6067039106145251,0.053763440860215055,0.48343785983387555,0.5354439860929447,164.23992656866858,0.13743016759776536,0.24165029469548133,0.47823948306894276,0.4765122804664006,97.80547289752617,0.8,0.02185792349726776,0.5899822249052554,0.5352762965198824,217.82946390545888
B81R1MZ1M7,store_C,False,5,False,False,10,1899,105,240,895,0.5286993154291733,0.29523809523809524,0.13743016759776536,,,,,,,,1556191105.2528958,1556191926.5323787,821.2794828414917,0.7047619047619048,0.0,0.5672862453531599,152.25823263636025,0.7047619047619048,0.0,0.5,62.08292716036234,7.8194354568398134,0.3333333333333333,0.4262295081967213,0.5078066914498142,349.9017633525152,0.3047619047619048,0.37606837606837606,0.5650557620817844,323.6786160902699,0.6952380952380952,0.0,0.4672862453531598,11.687476365856519,0.7047619047619048,0.0,0.5622676579925651,0.5314126394052044,224.79650490475038,0.29523809523809524,0.45588235294117646,0.5078066914498142,0.5494423791821561,8.641861859793979,0.7047619047619048,0.0,0.5293680297397769,0.5317843866171004,282.2524528290816,0.8625698324022346,0.0,0.5,62.21791750286823,61.19740390627264,0.5743016759776536,0.15894039735099338,0.6641513230707314,145.21808715096853,0.5932960893854748,0.18385650224215247,0.6130060032867156,181.2008662698649,0.48379888268156424,0.2643312101910828,0.7480799543884361,61.439514549440155,0.6111731843575419,0.05434782608695652,0.7028540765335212,0.46407530379760986,164.591137362381,0.13743016759776536,0.24165029469548133,0.47711596292942504,0.5342478004717667,97.73249731134666,0.8,0.011049723756906077,0.4079943209131256,0.5398262736023074,218.4540469278478
LZ4YAVS0E1,store_C,False,5,False,False,10,1899,105,240,895,0.5286993154291733,0.29523809523809524,0.13743016759776536,,,,,,,,1556191805.6080065,1556192606.2209132,800.6129066944122,0.7047619047619048,0.0,0.5672862453531599,152.25823263636025,0.7047619047619048,0.0,0.5,62.08292716036234,7.8194354568398134,0.3333333333333333,0.4166666666666667,0.5152416356877323,285.72209614503396,0.3523809523809524,0.45161290322580644,0.42379182156133827,441.80909526355003,0.6952380952380952,0.0,0.4672862453531598,11.687476365856519,0.7047619047619048,0.0,0.43940520446096654,0.49033457249070633,224.58775658438657,0.29523809523809524,0.45588235294117646,0.5617100371747212,0.42063197026022303,8.751180891987453,0.7047619047619048,0.0,0.4184014869888476,0.4342007434944238,281.9816545476124,0.8625698324022346,0.0,0.5,62.21791750286823,61.19740390627264,0.6134078212290502,0.22767857142857145,0.5907703658986484,165.4709233122682,0.5720670391061452,0.1275626423690205,0.6474270829839801,230.84264160811114,0.48379888268156424,0.2643312101910828,0.7480799543884361,61.439514549440155,0.6089385474860335,0.05405405405405406,0.4186761467171971,0.5301561748890454,164.48649065631886,0.13743016759776536,0.24165029469548133,0.4847737867659389,0.5113246358341438,97.86503021389947,0.8,0.011049723756906077,0.5097818917619702,0.3646186180143319,218.15754562644042
SWCLB29CUZ,store_C,False,5,False,False,10,1899,105,240,895,0.5286993154291733,0.29523809523809524,0.13743016759776536,,,,,,,,1556191928.6037283,1556192749.6757436,821.072015285492,0.7047619047619048,0.0,0.5672862453531599,152.25823263636025,0.7047619047619048,0.0,0.5,62.08292716036234,7.8194354568398134,0.3619047619047619,0.4273504273504274,0.5159851301115241,383.6531507940978,0.37142857142857144,0.45000000000000007,0.4758364312267658,290.36615203342814,0.6952380952380952,0.0,0.4672862453531598,11.687476365856519,0.7047619047619048,0.0,0.6018587360594796,0.5399628252788105,224.36459125441655,0.29523809523809524,0.45588235294117646,0.5327137546468401,0.5176579925650557,8.789831631357725,0.7047619047619048,0.0,0.5539033457249071,0.45427509293680296,282.4319660312455,0.8625698324022346,0.0,0.5,62.21791750286823,61.19740390627264,0.6256983240223464,0.18886198547215496,0.633207007188293,137.91543328977554,0.6,0.15566037735849056,0.6389308112821545,129.66377583620792,0.48379888268156424,0.2643312101910828,0.7480799543884361,61.439514549440155,0.6089385474860335,0.05405405405405406,0.5784507719310014,0.5797475712960168,164.3779556662788,0.13743016759776536,0.24165029469548133,0.48978770500050306,0.5068417345809437,97.54420705985684,0.8,0.011049723756906077,0.5724922024348525,0.5532973359716493,218.53066708567596
BSPJM6BWGD,store_D,False,5,False,False,10,1021,206,240,794,0.22233104799216455,0.06310679611650485,0.05793450881612091,,,,,,,,1556192608.2548015,1556192993.9079401,385.6531386375427,0.9320388349514563,0.0,0.6752988047808764,184.41688134389577,0.9368932038834952,0.0,0.5,87.88272817546152,14.42958097453255,0.16990291262135923,0.11398963730569947,0.41882470119521914,261.0291631577557,0.17475728155339806,0.11458333333333334,0.5308764940239044,272.03672400344647,0.9368932038834952,0.13333333333333336,0.5303784860557769,13.645078608363571,0.9368932038834952,0.0,0.5876494023904383,0.4370019920318725,216.5550829220317,0.0825242718446602,0.12093023255813953,0.4243027888446215,0.323207171314741,18.512695432381168,0.9368932038834952,0.0,0.40786852589641437,0.512699203187251,274.17652056275705,0.9420654911838791,0.0,0.5,64.54495329157885,64.18557890939239,0.5516372795969773,0.08717948717948718,0.6465054223256133,124.7891248994775,0.5100755667506297,0.08899297423887588,0.6098662378981219,254.0284383196086,0.9168765743073047,0.2666666666666666,0.7791043754917725,70.67432865692622,0.6926952141057935,0.031746031746031744,0.6365502377612808,0.6722315350141973,152.29008199695866,0.05793450881612091,0.10952380952380952,0.49420136156819816,0.502257876911498,111.76742389557202,0.8929471032745592,0.06593406593406594,0.5384352228798194,0.5831309226506106,204.3789528901267
OORE6IF7GW,store_D,False,5,False,False,10,1021,206,240,794,0.22233104799216455,0.06310679611650485,0.05793450881612091,,,,,,,,1556192751.7453117,1556193138.8218923,387.0765805244446,0.9320388349514563,0.0,0.6752988047808764,184.41688134389577,0.9368932038834952,0.0,0.5,87.88272817546152,14.42958097453255,0.13592233009708737,0.09183673469387753,0.6030876494023905,203.74322440097222,0.11165048543689321,0.09852216748768472,0.4900398406374502,501.5947034439578,0.9368932038834952,0.13333333333333336,0.5303784860557769,13.645078608363571,0.9368932038834952,0.0,0.4168326693227092,0.4026394422310757,218.03298576735372,0.07766990291262135,0.12037037037037038,0.5463147410358565,0.4823207171314741,18.655187337291903,0.9368932038834952,0.0,0.4855577689243028,0.5918824701195219,274.21382721023525,0.9420654911838791,0.0,0.5,64.54495329157885,64.18557890939239,0.5365239294710328,0.0980392156862745,0.665286852998529,104.14111646557159,0.5390428211586902,0.1073170731707317,0.5958058225856112,254.36253160888384,0.9168765743073047,0.2666666666666666,0.7791043754917725,70.67432865692622,0.681360201511335,0.030651340996168584,0.3646471212069378,0.4890014026205056,151.64853873000703,0.05793450881612091,0.10952380952380952,0.5409325715849612,0.5006842051246964,111.94983435589555,0.8967254408060453,0.06818181818181818,0.44512674899935,0.5567377099654477,204.45929619031216
JW2EMLJEIF,store_D,False,5,False,False,10,1021,206,240,794,0.22233104799216455,0.06310679611650485,0.05793450881612091,,,,,,,,1556192995.9210572,1556193304.8773973,308.9563400745392,0.9320388349514563,0.0,0.6752988047808764,184.41688134389577,0.9368932038834952,0.0,0.5,87.88272817546152,14.42958097453255,0.13106796116504854,0.10945273631840798,0.5358565737051793,362.80439236733935,0.12135922330097088,0.09950248756218906,0.5841633466135459,284.1292878745423,0.9368932038834952,0.13333333333333336,0.5303784860557769,13.645078608363571,0.9368932038834952,0.0,0.5032370517928287,0.46289840637450197,218.20495804276308,0.07766990291262135,0.12037037037037038,0.5826693227091634,0.48182270916334663,18.29163668797902,0.9368932038834952,0.0,0.4108565737051793,0.540089641434263,274.542501736974,0.9420654911838791,0.0,0.5,64.54495329157885,64.18557890939239,0.5163727959697733,0.039999999999999994,0.7314836988129041,175.5456301680281,0.570528967254408,0.11428571428571428,0.5871506277582019,154.15388558681084,0.9168765743073047,0.2666666666666666,0.7791043754917725,70.67432865692622,0.681360201511335,0.030651340996168584,0.4166125004276282,0.6790051657486914,151.12527046136051,0.05793450881612091,0.10952380952380952,0.4583832232903424,0.42877424651910645,111.70794021485031,0.8929471032745592,0.06593406593406594,0.5529745817796176,0.4631042386507475,204.36576936755688
FOZ1EJ36NB,store_D,False,5,False,False,10,1021,206,240,794,0.22233104799216455,0.06310679611650485,0.05793450881612091,,,,,,,,1556193140.758727,1556193400.6568,259.89807295799255,0.9320388349514563,0.0,0.6752988047808764,184.41688134389577,0.9368932038834952,0.0,0.5,87.88272817546152,14.42958097453255,0.16990291262135923,0.12307692307692307,0.4402390438247012,302.99879305285,0.10679611650485436,0.0980392156862745,0.5662350597609562,347.7711473089579,0.9368932038834952,0.13333333333333336,0.5303784860557769,13.645078608363571,0.9368932038834952,0.0,0.521414342629482,0.6127988047808764,217.7989984148992,0.07766990291262135,0.12037037037037038,0.44173306772908366,0.5129482071713147,18.660026445871555,0.9368932038834952,0.0,0.5921314741035857,0.4591633466135458,274.2034154822137,0.9420654911838791,0.0,0.5,64.54495329157885,64.18557890939239,0.5327455919395466,0.097323600973236,0.5988847456467449,243.59221296844692,0.5151133501259446,0.0855106888361045,0.6020320892203482,218.62463920767019,0.9168765743073047,0.2666666666666666,0.7791043754917725,70.67432865692622,0.6876574307304786,0.03125000000000001,0.6628579248058568,0.6822893503472341,151.4335021724279,0.05793450881612091,0.10952380952380952,0.5558824535595772,0.46004242071773116,111.83612622075111,0.889168765743073,0.06382978723404255,0.5667955252984845,0.3596182135404194,204.14238410156304
3N1CDMIQTW,store_D,False,5,False,False,10,1021,206,240,794,0.22233104799216455,0.06310679611650485,0.05793450881612091,,,,,,,,1556193307.501434,1556193560.9640262,253.46259212493896,0.9320388349514563,0.0,0.6752988047808764,184.41688134389577,0.9368932038834952,0.0,0.5,87.88272817546152,14.42958097453255,0.1262135922330097,0.1089108910891089,0.4855577689243028,356.34570126578194,0.15048543689320387,0.1116751269035533,0.5602589641434262,226.33343126400996,0.9368932038834952,0.13333333333333336,0.5303784860557769,13.645078608363571,0.9368932038834952,0.0,0.5612549800796812,0.5585159362549801,217.6814841769584,0.07766990291262135,0.12037037037037038,0.3989043824701195,0.5129482071713147,18.87739650228769,0.9368932038834952,0.0,0.4352589641434263,0.5612549800796812,274.37096949806096,0.9420654911838791,0.0,0.5,64.54495329157885,64.18557890939239,0.5340050377833753,0.06091370558375634,0.6787999042112826,164.35162861543805,0.5403022670025189,0.08060453400503778,0.6298450275392563,265.1959977402323,0.9168765743073047,0.2666666666666666,0.7791043754917725,70.67432865692622,0.6851385390428212,0.031007751937984496,0.6184188019568266,0.702747083575656,151.27508351308146,0.05793450881612091,0.10952380952380952,0.5587219048270672,0.5036776025452431,111.89696255546657,0.8967254408060453,0.06818181818181818,0.733775785980637,0.49996578974376515,204.10115333815793
IQJG7RT3IX,store_D,False,5,False,False,10,1021,206,240,794,0.22233104799216455,0.06310679611650485,0.05793450881612091,,,,,,,,1556193424.0765934,1556193728.7794783,304.70288491249084,0.9320388349514563,0.0,0.6752988047808764,184.41688134389577,0.9368932038834952,0.0,0.5,87.88272817546152,14.42958097453255,0.1553398058252427,0.12121212121212122,0.4038844621513944,542.0536412498863,0.13592233009708737,0.1188118811881188,0.5423306772908366,337.0437119882764,0.9368932038834952,0.13333333333333336,0.5303784860557769,13.645078608363571,0.9368932038834952,0.0,0.4392430278884462,0.5639940239043825,217.17345691427622,0.07766990291262135,0.12037037037037038,0.4900398406374502,0.4701195219123506,18.50910916398278,0.9368932038834952,0.0,0.4402390438247012,0.3956673306772908,273.6938331954033,0.9420654911838791,0.0,0.5,64.54495329157885,64.18557890939239,0.5365239294710328,0.10243902439024391,0.5889979815948821,231.3993889136486,0.5453400503778337,0.08142493638676845,0.6179056481133044,355.5726482670309,0.9168765743073047,0.2666666666666666,0.7791043754917725,70.67432865692622,0.6926952141057935,0.031746031746031744,0.6623447709623345,0.5206800998939483,152.12896958526403,0.05793450881612091,0.10952380952380952,0.5129143717286443,0.4435017618281961,111.8694684486394,0.8979848866498741,0.06896551724137931,0.5108446512264377,0.5373575998084226,205.0118121215153
4H5AYO18TZ,store_D,False,5,False,False,10,1021,206,240,794,0.22233104799216455,0.06310679611650485,0.05793450881612091,,,,,,,,1556193597.5001318,1556194005.7609177,408.2607858181,0.9320388349514563,0.0,0.6752988047808764,184.41688134389577,0.9368932038834952,0.0,0.5,87.88272817546152,14.42958097453255,0.1407766990291262,0.11055276381909547,0.44223107569721115,273.6388413400595,0.1553398058252427,0.12121212121212122,0.3062749003984064,294.4199677960778,0.9368932038834952,0.13333333333333336,0.5303784860557769,13.645078608363571,0.9368932038834952,0.0,0.4392430278884462,0.4103585657370518,217.65925026598734,0.07766990291262135,0.12037037037037038,0.4805776892430279,0.7074203187250996,18.818769273771764,0.9368932038834952,0.0,0.4850597609561753,0.5856573705179283,273.7607340840488,0.9420654911838791,0.0,0.5,64.54495329157885,64.18557890939239,0.535264483627204,0.097799511002445,0.6209161506619685,165.0040678041882,0.5478589420654912,0.10025062656641605,0.5939242584926961,165.75766303541133,0.9168765743073047,0.2666666666666666,0.7791043754917725,70.67432865692622,0.6876574307304786,0.03125000000000001,0.3743286237213917,0.7606650473812049,152.03047549543456,0.05793450881612091,0.10952380952380952,0.49255926926892685,0.5437036023399815,111.63723461513626,0.8967254408060453,0.06818181818181818,0.5707639150217235,0.5507509151243543,204.49130522479544
WEMFVWBKEN,store_D,False,5,False,False,10,1021,206,240,794,0.22233104799216455,0.06310679611650485,0.05793450881612091,,,,,,,,1556193749.240649,1556194156.8494384,407.6087894439697,0.9320388349514563,0.0,0.6752988047808764,184.41688134389577,0.9368932038834952,0.0,0.5,87.88272817546152,14.42958097453255,0.16019417475728157,0.10362694300518134,0.6284860557768924,225.59140415854932,0.1650485436893204,0.1134020618556701,0.42330677290836655,386.08543633506656,0.9368932038834952,0.13333333333333336,0.5303784860557769,13.645078608363571,0.9368932038834952,0.0,0.4626494023904382,0.4091135458167331,218.5767480666766,0.07766990291262135,0.12037037037037038,0.5014940239043825,0.539093625498008,18.500095779753202,0.9368932038834952,0.0,0.4760956175298805,0.4068725099601594,274.07858422234574,0.9420654911838791,0.0,0.5,64.54495329157885,64.18557890939239,0.5415617128463476,0.09,0.6188635352878793,246.1071838968357,0.5302267002518891,0.09685230024213076,0.6171530224761383,199.17658562575653,0.9168765743073047,0.2666666666666666,0.7791043754917725,70.67432865692622,0.681360201511335,0.030651340996168584,0.3722417980910677,0.3599945263590024,151.51040837067052,0.05793450881612091,0.10952380952380952,0.42489138243645447,0.45922137456809553,111.86391286341825,0.8904282115869018,0.06451612903225806,0.36377475967295,0.4101638671273648,204.403674677609
Y4764S43M6,store_D,False,5,False,False,10,1021,206,240,794,0.22233104799216455,0.06310679611650485,0.05793450881612091,,,,,,,,1556194026.4887655,1556194430.6981628,404.209397315979,0.9320388349514563,0.0,0.6752988047808764,184.41688134389577,0.9368932038834952,0.0,0.5,87.88272817546152,14.42958097453255,0.17475728155339806,0.12371134020618556,0.34860557768924305,511.67425072181254,0.16990291262135923,0.12307692307692307,0.5029880478087649,414.45927866047094,0.9368932038834952,0.13333333333333336,0.5303784860557769,13.645078608363571,0.9368932038834952,0.0,0.5712151394422311,0.48530876494023906,217.49627349292496,0.07766990291262135,0.12037037037037038,0.5692231075697212,0.6322211155378487,18.845450427440188,0.9368932038834952,0.0,0.5672310756972112,0.49800796812749004,274.7999613218926,0.9420654911838791,0.0,0.5,64.54495329157885,64.18557890939239,0.5465994962216625,0.08163265306122448,0.6324792172693373,229.46166022055567,0.5654911838790933,0.08488063660477453,0.6563237658650063,208.1225933121528,0.9168765743073047,0.2666666666666666,0.7791043754917725,70.67432865692622,0.690176322418136,0.031496062992125984,0.6326502685505114,0.6648421196674763,151.6988195607475,0.05793450881612091,0.10952380952380952,0.4649858027436625,0.5318839588108515,111.67621112924122,0.8904282115869018,0.06451612903225806,0.5984571174438097,0.4037665492114536,204.26363139309822
OI2UIFAJD4,store_D,False,5,False,False,10,1021,206,240,794,0.22233104799216455,0.06310679611650485,0.05793450881612091,,,,,,,,1556194161.1351614,1556194550.957528,389.82236671447754,0.9320388349514563,0.0,0.6752988047808764,184.41688134389577,0.9368932038834952,0.0,0.5,87.88272817546152,14.42958097453255,0.1407766990291262,0.0829015544041451,0.5806772908366534,318.8862898623261,0.1796116504854369,0.13333333333333333,0.40786852589641437,309.7859976499491,0.9368932038834952,0.13333333333333336,0.5303784860557769,13.645078608363571,0.9368932038834952,0.0,0.41932270916334663,0.37923306772908366,216.86031403734285,0.07766990291262135,0.12037037037037038,0.4815737051792829,0.46787848605577687,18.908545963578753,0.9368932038834952,0.0,0.5124501992031872,0.46713147410358563,274.2281140969128,0.9420654911838791,0.0,0.5,64.54495329157885,64.18557890939239,0.5465994962216625,0.08163265306122448,0.680031473435736,192.38471275585925,0.5289672544080605,0.06030150753768843,0.6916287502993398,152.6023057286075,0.9168765743073047,0.2666666666666666,0.7791043754917725,70.67432865692622,0.6964735516372796,0.0321285140562249,0.7120864835277616,0.601313673839417,152.44495802207675,0.05793450881612091,0.10952380952380952,0.4055967979200164,0.48138962060825835,111.61900530370035,0.8929471032745592,0.06593406593406594,0.5304471280489891,0.38688378775957033,204.346096036886
DSA4LHGY7O,store_E,False,5,False,False,10,1428,152,240,848,0.4061624649859944,0.11842105263157894,0.11084905660377359,,,,,,,,1556194445.7274027,1556195053.1328216,607.4054188728333,0.8881578947368421,0.10526315789473684,0.5496434448710916,178.27670603932322,0.881578947368421,0.0,0.5,64.17887198863194,15.524976730067449,0.19078947368421054,0.18543046357615892,0.5145364783324191,317.3775913133135,0.15789473684210525,0.2,0.492046077893582,437.7411375153503,0.881578947368421,0.0,0.646187602852441,15.217356333979692,0.881578947368421,0.0,0.5161821173889194,0.5814591332967636,213.11007241161835,0.13815789473684212,0.2155688622754491,0.5825562260010971,0.5507405375754251,22.60592201630066,0.881578947368421,0.0,0.5041140976412507,0.597641250685683,269.87655229122396,0.8891509433962265,0.0,0.5,71.54740634124687,69.13655184910822,0.5518867924528302,0.13636363636363635,0.6298579037994239,186.07251362819147,0.5625,0.13921113689095127,0.642136431663475,135.6404883558742,0.7700471698113207,0.36065573770491804,0.8138427125408345,89.6513387712766,0.6202830188679245,0.058479532163742694,0.3866690268904588,0.3009446259313497,148.99077743842003,0.11084905660377359,0.19957537154989383,0.4591976311935759,0.4635586810640318,119.13786348236698,0.8125,0.03636363636363637,0.5468048470414059,0.5677169662541639,200.70462367036066
81LAX4G7A5,store_E,False,5,False,False,10,1428,152,240,848,0.4061624649859944,0.11842105263157894,0.11084905660377359,,,,,,,,1556194561.8017352,1556195166.507988,604.7062528133392,0.8881578947368421,0.10526315789473684,0.5496434448710916,178.27670603932322,0.881578947368421,0.0,0.5,64.17887198863194,15.524976730067449,0.17763157894736842,0.19354838709677422,0.4690071311025782,462.01521770796904,0.19078947368421054,0.20645161290322578,0.5123422929237521,262.36112881254013,0.881578947368421,0.0,0.646187602852441,15.217356333979692,0.881578947368421,0.0,0.502194185408667,0.44404827207899067,213.9971070811007,0.13157894736842105,0.21428571428571425,0.5046626439934174,0.5290729566648382,22.384605833441586,0.881578947368421,0.0,0.3982446516730664,0.463795940756994,269.67683815962937,0.8891509433962265,0.0,0.5,71.54740634124687,69.13655184910822,0.5577830188679245,0.14965986394557823,0.6331085756585829,179.60196544247606,0.5766509433962265,0.14726840855106887,0.6388052976295844,136.71565822475597,0.7700471698113207,0.36065573770491804,0.8138427125408345,89.6513387712766,0.6179245283018868,0.058139534883720936,0.3649603321478573,0.5908498414895158,149.05918152549103,0.11084905660377359,0.19957537154989383,0.48306271221898583,0.49944481099435156,118.86913691299969,0.8125,0.03636363636363637,0.3544600183453758,0.31389903606314673,200.77384999849806
ZI2JAC6ARK,store_E,False,5,False,False,10,1428,152,240,848,0.4061624649859944,0.11842105263157894,0.11084905660377359,,,,,,,,1556195063.2228982,1556195650.1459594,586.923061132431,0.8881578947368421,0.10526315789473684,0.5496434448710916,178.27670603932322,0.881578947368421,0.0,0.5,64.17887198863194,15.524976730067449,0.16447368421052633,0.19108280254777069,0.5277015907844212,284.6506315509856,0.19736842105263158,0.20779220779220778,0.591881513987932,415.1984549949912,0.881578947368421,0.0,0.646187602852441,15.217356333979692,0.881578947368421,0.0,0.49698299506308286,0.5987383433900164,214.09112277315631,0.13157894736842105,0.21428571428571425,0.5331870543060888,0.5822819528250137,22.49881586366173,0.881578947368421,0.0,0.45364783324190894,0.4360943499725727,269.9322956334958,0.8891509433962265,0.0,0.5,71.54740634124687,69.13655184910822,0.5766509433962265,0.16317016317016314,0.6293429458811413,176.65826054932188,0.5530660377358491,0.10823529411764705,0.7150834392751967,181.56658188390395,0.7700471698113207,0.36065573770491804,0.8138427125408345,89.6513387712766,0.6226415094339622,0.05882352941176471,0.734893226694131,0.6476239519801741,149.3666435630191,0.11084905660377359,0.19957537154989383,0.45243880851611656,0.5030012391174908,118.83784489342348,0.8125,0.03636363636363637,0.5472554352199032,0.4790878807872419,200.9916736130228
SPH6D5PBTT,store_E,False,5,False,False,10,1428,152,240,848,0.4061624649859944,0.11842105263157894,0.11084905660377359,,,,,,,,1556195168.6898491,1556195759.3284082,590.6385591030121,0.8881578947368421,0.10526315789473684,0.5496434448710916,178.27670603932322,0.881578947368421,0.0,0.5,64.17887198863194,15.524976730067449,0.15789473684210525,0.189873417721519,0.5682940208447613,226.38607041512233,0.17105263157894737,0.1818181818181818,0.6352166758091059,240.36361551843152,0.881578947368421,0.0,0.646187602852441,15.217356333979692,0.881578947368421,0.0,0.4972572682391662,0.4410312671420735,215.48712967997162,0.13157894736842105,0.21428571428571425,0.5342841470104224,0.4434997257268239,22.383827531130375,0.881578947368421,0.0,0.5436094349972572,0.5496434448710916,269.7511933648543,0.8891509433962265,0.0,0.5,71.54740634124687,69.13655184910822,0.5459905660377359,0.126984126984127,0.6802111327464959,172.34763794359583,0.5778301886792453,0.14761904761904765,0.6281360132601664,158.472533841875,0.7700471698113207,0.36065573770491804,0.8138427125408345,89.6513387712766,0.6096698113207547,0.056980056980056974,0.3043723145749183,0.27234836903171816,148.31723939061678,0.11084905660377359,0.19957537154989383,0.5188522875396276,0.5142659435799231,118.90484981853197,0.8136792452830188,0.036585365853658534,0.5493313593279799,0.41924011522183424,201.1188285741505
WN3CE2V7RG,store_E,False,5,False,False,10,1428,152,240,848,0.4061624649859944,0.11842105263157894,0.11084905660377359,,,,,,,,1556195652.1565952,1556196242.96157,590.8049747943878,0.8881578947368421,0.10526315789473684,0.5496434448710916,178.27670603932322,0.881578947368421,0.0,0.5,64.17887198863194,15.524976730067449,0.20394736842105263,0.20915032679738563,0.573779484366429,240.14754837758647,0.2236842105263158,0.21333333333333335,0.6187602852441031,162.88830257750075,0.881578947368421,0.0,0.646187602852441,15.217356333979692,0.881578947368421,0.0,0.5085024684585847,0.5202962150301701,213.58549429998465,0.13815789473684212,0.2155688622754491,0.4701042238069117,0.3867251782775645,22.566592524496095,0.881578947368421,0.0,0.6187602852441031,0.4125068568294021,270.0458126419396,0.8891509433962265,0.0,0.5,71.54740634124687,69.13655184910822,0.5801886792452831,0.14832535885167467,0.6164529054891296,173.97531007858285,0.5601415094339622,0.15034168564920275,0.6227450475531453,194.94346459934928,0.7700471698113207,0.36065573770491804,0.8138427125408345,89.6513387712766,0.6120283018867925,0.05730659025787965,0.3291063870874302,0.31063227176904135,148.66138271404552,0.11084905660377359,0.19957537154989383,0.5104520364976425,0.5174441994818236,118.82222478364135,0.8125,0.03636363636363637,0.47500844852834684,0.5289261518160313,200.66936204377458
H6BLE6CC1E,store_E,False,5,False,False,10,1428,152,240,848,0.4061624649859944,0.11842105263157894,0.11084905660377359,,,,,,,,1556195761.364023,1556196366.908837,605.5448141098022,0.8881578947368421,0.10526315789473684,0.5496434448710916,178.27670603932322,0.881578947368421,0.0,0.5,64.17887198863194,15.524976730067449,0.21710526315789475,0.2119205298013245,0.5304443225452551,290.5875799113462,0.19736842105263158,0.18666666666666665,0.5929786066922655,268.0784118877466,0.881578947368421,0.0,0.646187602852441,15.217356333979692,0.881578947368421,0.0,0.49122325836533187,0.5422380691168404,214.15053468537252,0.13815789473684212,0.2155688622754491,0.48930334613274823,0.4712013165112452,22.6030414418667,0.881578947368421,0.0,0.5671969281404279,0.573779484366429,269.9229818951977,0.8891509433962265,0.0,0.5,71.54740634124687,69.13655184910822,0.5919811320754716,0.14356435643564355,0.6483320191178127,177.6805641610454,0.5931603773584906,0.14392059553349876,0.6225036610289503,227.01969011264018,0.7700471698113207,0.36065573770491804,0.8138427125408345,89.6513387712766,0.6191037735849056,0.05830903790087464,0.5280571603289294,0.69874961780467,148.76646130154026,0.11084905660377359,0.19957537154989383,0.5069599781142885,0.5071450411161713,118.95640580657764,0.8125,0.03636363636363637,0.4647656136850067,0.3462850613926393,201.00506831881304
ROHVRGX9YJ,store_E,False,5,False,False,10,1428,152,240,848,0.4061624649859944,0.11842105263157894,0.11084905660377359,,,,,,,,1556196244.9921017,1556196843.182199,598.1900973320007,0.8881578947368421,0.10526315789473684,0.5496434448710916,178.27670603932322,0.881578947368421,0.0,0.5,64.17887198863194,15.524976730067449,0.15789473684210525,0.2195121951219512,0.458036204059243,465.42260172434953,0.1513157894736842,0.18867924528301885,0.5688425671969282,345.52054572458997,0.881578947368421,0.0,0.646187602852441,15.217356333979692,0.881578947368421,0.0,0.48189797037849696,0.5641799232035107,211.40723783206255,0.13815789473684212,0.2155688622754491,0.4810751508502468,0.5244103126714207,22.017379348069376,0.881578947368421,0.0,0.5211190345584202,0.6305540318156885,269.8576591080629,0.8891509433962265,0.0,0.5,71.54740634124687,69.13655184910822,0.5766509433962265,0.13075060532687652,0.6309682818107207,172.73865830769648,0.597877358490566,0.1662591687041565,0.6389018522392623,165.83982294828203,0.7700471698113207,0.36065573770491804,0.8138427125408345,89.6513387712766,0.6120283018867925,0.05730659025787965,0.3156692039072432,0.3278511771616163,148.88071662260205,0.11084905660377359,0.19957537154989383,0.5724883732157513,0.4544101317970422,119.03212446481034,0.8136792452830188,0.036585365853658534,0.43608889461064354,0.46981059204068165,201.18225620565158
LVCZ63DQZA,store_E,False,5,False,False,10,1428,152,240,848,0.4061624649859944,0.11842105263157894,0.11084905660377359,,,,,,,,1556196368.959074,1556196977.5064244,608.5473504066467,0.8881578947368421,0.10526315789473684,0.5496434448710916,178.27670603932322,0.881578947368421,0.0,0.5,64.17887198863194,15.524976730067449,0.21052631578947367,0.2105263157894737,0.5030170049369171,303.404311958994,0.17763157894736842,0.20382165605095542,0.5584201865057598,289.0899930217204,0.881578947368421,0.0,0.646187602852441,15.217356333979692,0.881578947368421,0.0,0.5065825562260011,0.44295117937465717,212.20809745981074,0.13157894736842105,0.21428571428571425,0.39166209544706526,0.5298957761930884,22.193661593105737,0.881578947368421,0.0,0.5902358749314317,0.59983543609435,269.62356538089614,0.8891509433962265,0.0,0.5,71.54740634124687,69.13655184910822,0.5613207547169812,0.1583710407239819,0.6044962263240051,204.3857255169515,0.5719339622641509,0.14184397163120566,0.6272026520332792,152.65933196788092,0.7700471698113207,0.36065573770491804,0.8138427125408345,89.6513387712766,0.6202830188679245,0.058479532163742694,0.4319048615245973,0.6626221013501553,149.22275948777434,0.11084905660377359,0.19957537154989383,0.5491704349785166,0.5292721391673774,119.08939979256455,0.8148584905660378,0.03680981595092025,0.49934825638467356,0.5490899728037849,201.08874857169724
WXHS9Y18UJ,store_E,False,5,False,False,10,1428,152,240,848,0.4061624649859944,0.11842105263157894,0.11084905660377359,,,,,,,,1556196845.166867,1556197447.4734957,602.306628704071,0.8881578947368421,0.10526315789473684,0.5496434448710916,178.27670603932322,0.881578947368421,0.0,0.5,64.17887198863194,15.524976730067449,0.17105263157894737,0.1923076923076923,0.6198573779484366,250.7218911301013,0.15789473684210525,0.1688311688311688,0.5501919912232583,442.4399770741609,0.881578947368421,0.0,0.646187602852441,15.217356333979692,0.881578947368421,0.0,0.4890290729566648,0.4673614920460779,214.0205190283627,0.13815789473684212,0.2155688622754491,0.5551289083927592,0.5024684585847504,22.511014361598217,0.881578947368421,0.0,0.5589687328579265,0.42841470104223806,269.6002466900965,0.8891509433962265,0.0,0.5,71.54740634124687,69.13655184910822,0.5731132075471698,0.12560386473429952,0.6529022706425709,153.64554351835892,0.5589622641509434,0.1261682242990654,0.6285705090037174,164.81300988912275,0.7700471698113207,0.36065573770491804,0.8138427125408345,89.6513387712766,0.6191037735849056,0.05830903790087464,0.6445181120355321,0.4654736808226453,148.56660732884694,0.11084905660377359,0.19957537154989383,0.5313561094929273,0.4769234482869603,118.98108916638701,0.8136792452830188,0.036585365853658534,0.5686664199159975,0.4374165204937159,200.99446743503808
CPJN3YBVMF,store_E,False,5,False,False,10,1428,152,240,848,0.4061624649859944,0.11842105263157894,0.11084905660377359,,,,,,,,1556196979.57427,1556197557.6760235,578.1017534732819,0.8881578947368421,0.10526315789473684,0.5496434448710916,178.27670603932322,0.881578947368421,0.0,0.5,64.17887198863194,15.524976730067449,0.1513157894736842,0.18867924528301885,0.5650027427317609,374.48111502773855,0.17105263157894737,0.20253164556962022,0.4333516182117389,316.9869210142365,0.881578947368421,0.0,0.646187602852441,15.217356333979692,0.881578947368421,0.0,0.510148107515085,0.5501919912232583,213.84204077429692,0.13815789473684212,0.2155688622754491,0.48491497531541417,0.4407569939659901,22.630672658599263,0.881578947368421,0.0,0.4712013165112452,0.5126165660998354,269.9205410162738,0.8891509433962265,0.0,0.5,71.54740634124687,69.13655184910822,0.5790094339622641,0.11851851851851852,0.6816272670217731,175.1473782789694,0.5648584905660378,0.15172413793103448,0.619623115173557,201.24185748271344,0.7700471698113207,0.36065573770491804,0.8138427125408345,89.6513387712766,0.6202830188679245,0.058479532163742694,0.5968201348546048,0.3583141565150223,148.6741532313905,0.11084905660377359,0.19957537154989383,0.42696448399607345,0.5297870970856601,118.83007518763888,0.8148584905660378,0.03680981595092025,0.577806922965514,0.5524130606202025,201.17329333047357
