exp_id,store_id,all_data,max_num_histories,previous_visits,dynamic_RNN,multi_head,num_total_epoch,train_size,test_size,training_length,train_censored_size,train_revisit_ratio,test_revisit_ratio,train_censored_revisit_ratio,c_nll_date,c_nll_week,c_nll_month,c_nll_season,c_rmse,c_ce,c_rank,time_start,time_end,time_run,test_acc_majority_baseline,test_acc_pp_baseline,test_acc_xgb_baseline,test_acc_cph_baseline,test_acc_ours,test_fscore_majority_baseline,test_fscore_pp_baseline,test_fscore_xgb_baseline,test_fscore_cph_baseline,test_fscore_ours,test_cindex_majority_baseline,test_cindex_pp_baseline,test_cindex_xgb_baseline,test_cindex_cph_baseline,test_cindex_ours_interval,test_cindex_ours_censored_prob,test_RMSE_train_average_baseline,test_RMSE_test_average_baseline,test_RMSE_pp_baseline,test_RMSE_xgb_baseline,test_RMSE_cph_baseline,test_RMSE_ours,train_censored_acc_majority_baseline,train_censored_acc_pp_baseline,train_censored_acc_xgb_baseline,train_censored_acc_cph_baseline,train_censored_acc_ours,train_censored_fscore_majority_baseline,train_censored_fscore_pp_baseline,train_censored_fscore_xgb_baseline,train_censored_fscore_cph_baseline,train_censored_fscore_ours,train_censored_cindex_majority_baseline,train_censored_cindex_pp_baseline,train_censored_cindex_xgb_baseline,train_censored_cindex_cph_baseline,train_censored_cindex_ours_interval,train_censored_cindex_ours_censored_prob,train_censored_RMSE_train_average_baseline,train_censored_RMSE_test_average_baseline,train_censored_RMSE_pp_baseline,train_censored_RMSE_xgb_baseline,train_censored_RMSE_cph_baseline,train_censored_RMSE_ours
MFPKTI265C,store_C,True,5,True,True,False,10,70369,12354,180,36543,0.48069462405320523,0.2986886838271005,0.24286457050597926,0.008064516129032258,0.008064516129032258,0.008064516129032258,0.008064516129032258,0.3225806451612903,0.3225806451612903,0.3225806451612903,1553146179.075569,1553148078.6340609,1899.5584919452667,0.7013113161728994,0.39711834223733206,0.7013113161728994,0.6853650639468998,0.35988343856240895,0.0,0.41363564792945995,0.0,0.10251673978296005,0.4663967611336033,0.5,0.4999748675729732,0.470874399549807,0.47522915873242855,0.49366384199782565,0.4951556732178343,46.91917276532003,21.26772635960039,324.7074107756283,23.43520169231584,115.45688729524427,27.447555379659033,0.7571354294940208,0.6346495908929207,0.6557480228771584,0.24368552116684453,0.24286457050597926,0.0,0.18566636169563894,0.3995226730310263,0.3897818599311137,0.39081421462856136,0.5,0.5873468088814331,0.6443793330227354,0.5437788254459034,0.5039777349370411,0.5042383183754422,80.10456765951771,62.80629682485758,144.58722701692668,103.63135276412598,64.63462447506188,101.38267244739522
W3TWFZBLXN,store_C,True,5,True,True,False,10,70369,12354,180,36543,0.48069462405320523,0.2986886838271005,0.24286457050597926,0.008064516129032258,0.008064516129032258,0.008064516129032258,0.008064516129032258,0.3225806451612903,0.3225806451612903,0.3225806451612903,1553146187.9246273,1553148106.7487457,1918.8241183757782,0.7013113161728994,0.39736117856564673,0.7013113161728994,0.6853650639468998,0.3674923101829367,0.0,0.41317884448648223,0.0,0.10251673978296005,0.46295532646048115,0.5,0.5055114959509615,0.470874399549807,0.47522915873242855,0.49682992385629543,0.4970442975566257,46.91917276532003,21.26772635960039,314.00865964412355,23.43520169231584,115.45688729524427,29.74998013588242,0.7571354294940208,0.63631885723668,0.6557480228771584,0.24368552116684453,0.24286457050597926,0.0,0.19012797074954296,0.3995226730310263,0.3897818599311137,0.39081421462856136,0.5,0.5883394642264412,0.6443793330227354,0.5437788254459034,0.49781799038771873,0.4985820379717892,80.10456765951771,62.80629682485758,143.59818163981552,103.63135276412598,64.63462447506188,101.33152199421521
AWOA2U5Q0A,store_A,True,5,True,True,False,10,39647,18094,180,31446,0.2068504552677378,0.17751740908588481,0.19598677097246073,0.008064516129032258,0.008064516129032258,0.008064516129032258,0.008064516129032258,0.3225806451612903,0.3225806451612903,0.3225806451612903,1553150204.7990716,1553151701.9919295,1497.1928579807281,0.8224825909141151,0.352603072841826,0.8224825909141151,0.7588150768210457,0.3752072510224384,0.0,0.25388535031847137,0.0,0.24419812954624176,0.34016225996614724,0.5,0.5032088346873509,0.5387371301391767,0.5940741501489165,0.5026772215582102,0.5016719017224675,62.17420158205058,41.818521702964304,327.4406245232928,55.81555751898119,123.38057145709936,42.689112710526466,0.8040132290275392,0.6942377408891433,0.8031864148063347,0.19598677097246073,0.19598677097246073,0.0,0.17517371536415888,0.048578016910069174,0.3277407003642745,0.3277407003642745,0.5,0.5389883618347633,0.6533332617821127,0.5894817799654706,0.5042239866484675,0.5042451405612723,107.81445741495085,76.65595421741905,171.4802037390691,151.5244942154841,80.52108284112163,140.0920222115803
LXA891SP4R,store_B,True,5,True,True,False,10,45096,19650,180,29490,0.34606173496540715,0.20702290076335877,0.20335707019328586,0.008064516129032258,0.008064516129032258,0.008064516129032258,0.008064516129032258,0.3225806451612903,0.3225806451612903,0.3225806451612903,1553150964.6177754,1553152553.7434328,1589.1256573200226,0.7929770992366412,0.36320610687022903,0.7929770992366412,0.7022391857506362,0.34010178117048345,0.0,0.3022361010427703,0.0,0.26541117388575014,0.35911629516137006,0.5,0.498585155432221,0.5268697632819805,0.5607362886029054,0.4989676392204034,0.49855560753528894,58.97971048882694,35.11341277824281,364.485465115069,40.113792800411076,130.19880528269246,36.316445149986635,0.7966429298067141,0.6848762292302475,0.7895218718209562,0.20335707019328586,0.20335707019328586,0.0,0.13802059178183843,0.3277374634463338,0.3379829233240342,0.3379829233240342,0.5,0.5997173331042119,0.6230810602154268,0.6467003184034484,0.4998215442922859,0.499416450336633,100.6500129233249,77.74943005137197,149.46697093899226,134.50277389566602,79.689882528251,131.46280472146017
5JUADAWJJC,store_B,True,5,True,True,False,10,45096,19650,180,29490,0.34606173496540715,0.20702290076335877,0.20335707019328586,0.008064516129032258,0.008064516129032258,0.008064516129032258,0.008064516129032258,0.3225806451612903,0.3225806451612903,0.3225806451612903,1553151705.6757073,1553153321.7303667,1616.0546593666077,0.7929770992366412,0.3624936386768448,0.7929770992366412,0.7022391857506362,0.332264631043257,0.0,0.29997205923442305,0.0,0.26541117388575014,0.35898187503053397,0.5,0.5006579749468539,0.5268697632819805,0.5607362886029054,0.5007823203380215,0.49956958724142697,58.97971048882694,35.11341277824281,372.43353104412233,40.113792800411076,130.19880528269246,35.674632771770696,0.7966429298067141,0.6803662258392675,0.7895218718209562,0.20335707019328586,0.20335707019328586,0.0,0.1318843249217167,0.3277374634463338,0.3379829233240342,0.3379829233240342,0.5,0.5982697399376274,0.6230810602154268,0.6467003184034484,0.496722441969406,0.4963571228175755,100.6500129233249,77.74943005137197,158.3432072575984,134.50277389566602,79.689882528251,130.1946540113162
44U411FNLH,store_C,True,5,True,True,False,10,89550,5375,240,43523,0.5139810161920715,0.25934883720930235,0.1380649311858098,0.008064516129032258,0.008064516129032258,0.008064516129032258,0.008064516129032258,0.3225806451612903,0.3225806451612903,0.3225806451612903,1553152557.6985927,1553155023.7522538,2466.053661108017,0.7406511627906976,0.32502325581395347,0.7406511627906976,0.7406511627906976,0.4757209302325581,0.0,0.39004707464694016,0.0,0.0,0.4001702852277565,0.5,0.5081817729369775,0.4754386781907458,0.47880346861788026,0.5088548590463909,0.5041925455153278,65.0935845796716,10.526006891841458,368.38911312307476,10.834757131262874,157.7518922912861,33.75573317696261,0.8619350688141902,0.6006479332766583,0.6219699928773292,0.3196470831514372,0.13827171840176458,0.0,0.17378903836098303,0.30316377959425694,0.1784079243084265,0.2421241942328288,0.5,0.6196429003272951,0.6954677982945947,0.5707241496680563,0.5025149151022564,0.49981739909695216,71.35425268216109,67.7501716344383,173.5397186317739,92.18218663404126,74.99314003681386,90.84206775453912
0BD4II8PG6,store_C,True,5,True,True,False,10,89550,5375,240,43523,0.5139810161920715,0.25934883720930235,0.1380649311858098,0.008064516129032258,0.008064516129032258,0.008064516129032258,0.008064516129032258,0.3225806451612903,0.3225806451612903,0.3225806451612903,1553153325.7416089,1553155654.9372025,2329.1955935955048,0.7406511627906976,0.32688372093023255,0.7406511627906976,0.7406511627906976,0.48893023255813955,0.0,0.39254533243787776,0.0,0.0,0.3864194773285683,0.5,0.5053665254722125,0.4754386781907458,0.47880346861788026,0.5020900715958142,0.5004670475060208,65.0935845796716,10.526006891841458,360.83661165835747,10.834757131262874,157.7518922912861,35.72131439289966,0.8619350688141902,0.6005100751326885,0.6219699928773292,0.3196470831514372,0.1380419548284815,0.0,0.16820552073864994,0.30316377959425694,0.1784079243084265,0.24247319427336791,0.5,0.6186499883749238,0.6954677982945947,0.5707241496680563,0.5080528434584678,0.503771151275341,71.35425268216109,67.7501716344383,171.2620764951334,92.18218663404126,74.99314003681386,92.11462084465163
P5W9BQMRWX,store_A,True,5,True,True,False,10,49999,11390,240,38150,0.2369847396947939,0.1405618964003512,0.14773263433813894,0.008064516129032258,0.008064516129032258,0.008064516129032258,0.008064516129032258,0.3225806451612903,0.3225806451612903,0.3225806451612903,1553157338.499548,1553158931.761257,1593.2617089748383,0.8594381035996488,0.2692712906057946,0.8594381035996488,0.8594381035996488,0.4826163301141352,0.0,0.22381796139140167,0.0,0.0,0.3002018762617267,0.5,0.4950572246544609,0.4727801846418926,0.6366189751890656,0.5057857793377004,0.49578620064282497,87.62857734494335,29.5704848125407,399.710884222167,37.00057249297506,171.92850102487836,37.20606013163835,0.8522673656618611,0.6364089121887287,0.8450327653997379,0.29750982961992134,0.14773263433813894,0.0,0.19574418739490929,0.12518496596626222,0.21646591041983393,0.2574338829762938,0.5,0.5467178254744244,0.7130236496443921,0.6177757227888119,0.4992856346127403,0.4994661571985692,95.05976644685245,83.08382719842527,230.09095625422108,137.3241326444939,87.16050463329964,138.5935316690844
3TY5IPSX6T,store_B,True,5,True,True,False,10,57925,13002,240,36140,0.3760897712559344,0.18574065528380249,0.15055340343110127,0.008064516129032258,0.008064516129032258,0.008064516129032258,0.008064516129032258,0.3225806451612903,0.3225806451612903,0.3225806451612903,1553158062.5977442,1553159775.2922218,1712.694477558136,0.8142593447161975,0.29203199507768035,0.8142593447161975,0.8141824334717735,0.4053222581141363,0.0,0.29230414392250326,0.0,0.0,0.33333333333333337,0.5,0.5059640042838494,0.5136859223481172,0.5918784783994796,0.4894937270454048,0.4894843240320906,77.11466238704686,24.886936630420806,395.64062941070415,27.269610912251817,173.7145530748451,30.689560662301396,0.8494465965688988,0.6290536801328168,0.8086607636967349,0.26831765356945214,0.15055340343110127,0.0,0.14338658146964856,0.4092268261426741,0.2482872331352873,0.26170606767514004,0.5,0.6306508366116833,0.6648001840333392,0.6799308654407742,0.5048387629792912,0.4991025163018098,90.37071511297253,80.73020723255223,184.99339917701016,126.06453777689623,81.12187653932884,124.72689221753322
OA5KCOQIGZ,store_B,True,5,True,True,False,10,57925,13002,240,36140,0.3760897712559344,0.18574065528380249,0.15055340343110127,0.008064516129032258,0.008064516129032258,0.008064516129032258,0.008064516129032258,0.3225806451612903,0.3225806451612903,0.3225806451612903,1553158935.5736177,1553160654.8945482,1719.320930480957,0.8142593447161975,0.28457160436855866,0.8142593447161975,0.8141824334717735,0.39178587909552376,0.0,0.28959828929280584,0.0,0.0,0.33344571813890767,0.5,0.5005132818789543,0.5136859223481172,0.5918784783994796,0.4951197134419428,0.49652415568708147,77.11466238704686,24.886936630420806,415.8941504320898,27.269610912251817,173.7145530748451,28.84068763223094,0.8494465965688988,0.6286109573879358,0.8086607636967349,0.26831765356945214,0.15055340343110127,0.0,0.15147300543684408,0.4092268261426741,0.2482872331352873,0.26170606767514004,0.5,0.6274827590675833,0.6648001840333392,0.6799308654407742,0.5036069234718897,0.4967365331909578,90.37071511297253,80.73020723255223,189.27164310632455,126.06453777689623,81.12187653932884,124.58764792002019
DUX4XPWHTL,store_A,True,5,True,True,False,10,60576,5437,300,44125,0.2715762017960909,0.08276623137759793,0.08072521246458923,0.008064516129032258,0.008064516129032258,0.008064516129032258,0.008064516129032258,0.3225806451612903,0.3225806451612903,0.3225806451612903,1553163718.3315141,1553165448.866002,1730.5344879627228,0.917233768622402,0.15045061614861135,0.917233768622402,0.917233768622402,0.8635276807062718,0.0,0.14762871378483117,0.0,0.0,0.09290953545232274,0.5,0.48028394941375613,0.5162251743665641,0.6256346174865809,0.4808340053942117,0.5031741952255614,120.68314417212316,14.687851316119879,462.2392653454727,15.834255855674042,221.78605163297254,47.059838377939435,0.9192747875354108,0.5626515580736544,0.8910368271954674,0.4561359773371105,0.10080453257790369,0.0,0.14192974655402402,0.13275613275613277,0.0947566955865711,0.14516858774103197,0.5,0.5700096537043439,0.7803636073513491,0.6565062450168692,0.4955590364695597,0.497741425166698,93.62661789801946,92.44830163667955,271.79805004634585,124.86560663767203,113.27712772194876,125.63245412296709
VE66EOF6QD,store_A,True,5,True,True,False,10,60576,5437,300,44125,0.2715762017960909,0.08276623137759793,0.08072521246458923,0.008064516129032258,0.008064516129032258,0.008064516129032258,0.008064516129032258,0.3225806451612903,0.3225806451612903,0.3225806451612903,1553164627.96919,1553166392.9757342,1765.0065443515778,0.917233768622402,0.15541659003126723,0.917233768622402,0.917233768622402,0.8942431487952915,0.0,0.1518285925378648,0.0,0.0,0.06199021207177814,0.5,0.4949133115319739,0.5162251743665641,0.6256346174865809,0.5082162765759458,0.491215942761092,120.68314417212316,14.687851316119879,461.5233830426588,15.834255855674042,221.78605163297254,49.67213636872865,0.9192747875354108,0.5618356940509915,0.8910368271954674,0.4561359773371105,0.10105382436260624,0.0,0.13994661921708185,0.13275613275613277,0.0947566955865711,0.14442862689271385,0.5,0.5623006423243923,0.7803636073513491,0.6565062450168692,0.4984645983259813,0.5011851584430894,93.62661789801946,92.44830163667955,280.0176544206072,124.86560663767203,113.27712772194876,126.05974709725932
L47PQSKM8U,store_B,True,5,True,True,False,10,70532,6808,300,42306,0.40018714909544606,0.15158636897767333,0.09358010684063726,0.008064516129032258,0.008064516129032258,0.008064516129032258,0.008064516129032258,0.3225806451612903,0.3225806451612903,0.3225806451612903,1553165453.0460465,1553167782.5488904,2329.5028438568115,0.8484136310223267,0.21195652173913043,0.8484136310223267,0.8482667450058754,0.5784371327849589,0.0,0.2598979169540626,0.0,0.0,0.2591636551368095,0.5,0.5006026626619805,0.47994317121498803,0.602711920185465,0.4871435202243773,0.48650846014084315,100.80668493377384,10.519523870244294,476.6046272108031,10.839646356642286,224.78396053985745,31.114818760595647,0.9064198931593628,0.5591169101309507,0.7921098662128303,0.4089018106178793,0.09445468727840023,0.0,0.1328684332868433,0.33224508389643914,0.10991279587115145,0.17049194526242856,0.5,0.6457243323897109,0.6954045493406342,0.6808979501813834,0.4932486840843846,0.49513457402777417,85.04030290286416,84.67762120573936,220.0427231180531,113.73638521216543,101.31031943229692,116.06714523876595
TFFHC7VGH9,store_C,False,5,True,True,False,10,1442,252,180,748,0.4812760055478502,0.3333333333333333,0.2393048128342246,0.008064516129032258,0.008064516129032258,0.008064516129032258,0.008064516129032258,0.3225806451612903,0.3225806451612903,0.3225806451612903,1553174982.1906166,1553175029.340512,47.149895429611206,0.6666666666666666,0.3968253968253968,0.6706349206349206,0.6349206349206349,0.5674603174603174,0.0,0.41538461538461546,0.023529411764705882,0.22033898305084745,0.3312883435582822,0.5,0.5264448121590979,0.42909235766378623,0.42691671263099834,0.45725317153888584,0.492308635165778,44.89320136955129,21.952356547282683,293.2668100022249,24.527660615639668,106.51002933819477,82.81329168758688,0.7606951871657754,0.6176470588235294,0.6898395721925134,0.2393048128342246,0.2393048128342246,0.0,0.15384615384615383,0.28395061728395066,0.3861920172599785,0.3861920172599785,0.5,0.5879957148234295,0.6158541881810198,0.5766940441836449,0.4885680368293554,0.49239960236649843,90.68605338413116,68.87761084309854,135.22105962137047,113.49996649781306,72.87207505802478,74.10466721715466
YQQ4XECY4Y,store_C,False,5,False,False,False,10,1442,252,180,748,0.4812760055478502,0.3333333333333333,0.2393048128342246,0.008064516129032258,0.008064516129032258,0.008064516129032258,0.008064516129032258,0.3225806451612903,0.3225806451612903,0.3225806451612903,1553329153.5363142,1553329184.406995,30.870680809020996,0.6666666666666666,0.44047619047619047,0.6706349206349206,0.6349206349206349,0.5833333333333334,0.0,0.4382470119521913,0.023529411764705882,0.22033898305084745,0.33121019108280253,0.5,0.5304896733468162,0.42909235766378623,0.42691671263099834,0.41999141999142,0.5504075504075504,44.89320136955129,21.952356547282683,271.11610542559293,24.527660615639668,106.51002933819477,84.99104764772558,0.7606951871657754,0.6336898395721925,0.6898395721925134,0.2393048128342246,0.2393048128342246,0.0,0.20809248554913293,0.28395061728395066,0.3861920172599785,0.3861920172599785,0.5,0.5937382374798529,0.6158541881810198,0.5766940441836449,0.5787111655873298,0.6186964956134848,90.68605338413116,68.87761084309854,159.51402771385258,113.49996649781306,72.87207505802478,73.15222677831184
JLNIR93TQB,store_C,False,5,False,False,False,10,1442,252,180,748,0.4812760055478502,0.3333333333333333,0.2393048128342246,0.008064516129032258,0.008064516129032258,0.008064516129032258,0.008064516129032258,0.3225806451612903,0.3225806451612903,0.3225806451612903,1553329661.4091938,1553329691.9269035,30.517709732055664,0.6666666666666666,0.4166666666666667,0.6706349206349206,0.6349206349206349,0.5753968253968254,0.0,0.4280155642023346,0.023529411764705882,0.22033898305084745,0.3184713375796178,0.5,0.48317705460562604,0.42909235766378623,0.42691671263099834,0.3994606851749709,0.5705705705705706,44.89320136955129,21.952356547282683,304.6003181184839,24.527660615639668,106.51002933819477,84.66645276147489,0.7606951871657754,0.6417112299465241,0.6898395721925134,0.2393048128342246,0.2393048128342246,0.0,0.2254335260115607,0.28395061728395066,0.3861920172599785,0.3861920172599785,0.5,0.5860847577041491,0.6158541881810198,0.5766940441836449,0.5809213129626591,0.6208873403916497,90.68605338413116,68.87761084309854,133.90176960843027,113.49996649781306,72.87207505802478,73.26242256045934
PT7AHZSCD2,store_C,False,5,True,False,False,1,1442,252,180,748,0.4812760055478502,0.3333333333333333,0.2393048128342246,0.008064516129032258,0.008064516129032258,0.008064516129032258,0.008064516129032258,0.3225806451612903,0.3225806451612903,0.3225806451612903,1553339186.9687881,1553339212.7641997,25.795411586761475,0.6587301587301587,0.0,0.5123490837776552,256.11351373124296,0.6666666666666666,0.38492063492063494,0.6706349206349206,0.6349206349206349,0.5714285714285714,0.0,0.4015444015444016,0.023529411764705882,0.22033898305084745,0.3414634146341463,0.5,0.48378991236134095,0.42909235766378623,0.42691671263099834,0.4157014157014157,0.5790280075994362,44.89320136955129,21.952356547282683,318.2544549750949,24.527660615639668,106.51002933819477,82.77111944332769,0.7606951871657754,0.0,0.59042784206615,119.95623996914499,0.7606951871657754,0.6296791443850267,0.6898395721925134,0.2393048128342246,0.2393048128342246,0.0,0.18768328445747798,0.28395061728395066,0.3861920172599785,0.3861920172599785,0.5,0.6003397257100943,0.6158541881810198,0.5766940441836449,0.5684904403887543,0.7079227510061479,90.68605338413116,68.87761084309854,138.06521843686576,113.49996649781306,72.87207505802478,71.2944473715211
CPKU5Z5IE6,store_C,False,5,True,False,False,1,1442,252,180,748,0.4812760055478502,0.3333333333333333,0.2393048128342246,0.008064516129032258,0.008064516129032258,0.008064516129032258,0.008064516129032258,0.3225806451612903,0.3225806451612903,0.3225806451612903,1553339781.958821,1553339807.4987333,25.539912223815918,0.6547619047619048,0.0,0.45584359870074154,319.2881088155291,0.6666666666666666,0.4444444444444444,0.6706349206349206,0.6349206349206349,0.5674603174603174,0.0,0.4776119402985074,0.023529411764705882,0.22033898305084745,0.3393939393939394,0.5,0.5048109333823619,0.42909235766378623,0.42691671263099834,0.4506343077771649,0.5673837102408531,44.89320136955129,21.952356547282683,279.15570078307974,24.527660615639668,106.51002933819477,82.90699644663536,0.7606951871657754,0.0,0.5989885439085829,165.51387984029708,0.7606951871657754,0.6243315508021391,0.6898395721925134,0.2393048128342246,0.2393048128342246,0.0,0.21288515406162467,0.28395061728395066,0.3861920172599785,0.3861920172599785,0.5,0.5776302201461206,0.6158541881810198,0.5766940441836449,0.6630924690917163,0.7235192495150222,90.68605338413116,68.87761084309854,140.5326263590374,113.49996649781306,72.87207505802478,71.23950170839073
GFJBC8X5ET,store_C,False,5,True,False,False,1,1442,252,180,748,0.4812760055478502,0.3333333333333333,0.2393048128342246,0.008064516129032258,0.008064516129032258,0.008064516129032258,0.008064516129032258,0.3225806451612903,0.3225806451612903,0.3225806451612903,1553344966.9218764,1553344994.2926373,27.370760917663574,0.6587301587301587,0.0,0.5337378194521052,266.56062873991283,0.6666666666666666,0.36904761904761907,0.6706349206349206,0.6349206349206349,0.5674603174603174,0.0,0.4089219330855019,0.023529411764705882,0.22033898305084745,0.3393939393939394,0.5,0.4409511552368695,0.42909235766378623,0.42691671263099834,0.42575228289514006,0.5629098486241343,44.89320136955129,21.952356547282683,300.0978925031548,24.527660615639668,106.51002933819477,82.99341917650867,0.7606951871657754,0.0,0.5787401194830765,131.7544325066083,0.7606951871657754,0.6310160427807486,0.6898395721925134,0.2393048128342246,0.2393048128342246,0.0,0.16363636363636364,0.28395061728395066,0.3861920172599785,0.3861920172599785,0.5,0.5959869900495112,0.6158541881810198,0.5766940441836449,0.6617509385887871,0.7156630924690918,90.68605338413116,68.87761084309854,138.1436299677595,113.49996649781306,72.87207505802478,71.21926045530911
QQNE958KPC,store_C,False,5,True,False,False,1,1442,252,180,748,0.4812760055478502,0.3333333333333333,0.2393048128342246,0.008064516129032258,0.008064516129032258,0.008064516129032258,0.008064516129032258,0.3225806451612903,0.3225806451612903,0.3225806451612903,1553345383.4601574,1553345409.6637485,26.203591108322144,0.6587301587301587,0.0,0.4960470674756389,282.0007498369919,0.6666666666666666,0.4444444444444444,0.6706349206349206,0.6349206349206349,0.5674603174603174,0.0,0.453125,0.023529411764705882,0.22033898305084745,0.3393939393939394,0.5,0.42679414107985536,0.42909235766378623,0.42691671263099834,0.44266715695287123,0.5751670037384323,44.89320136955129,21.952356547282683,360.43881884496693,24.527660615639668,106.51002933819477,82.87565325564279,0.7606951871657754,0.0,0.6190632449596093,156.4104088547079,0.7606951871657754,0.6336898395721925,0.6898395721925134,0.2393048128342246,0.2393048128342246,0.0,0.19883040935672514,0.28395061728395066,0.3861920172599785,0.3861920172599785,0.5,0.5739048188933821,0.6158541881810198,0.5766940441836449,0.6850491733662765,0.7227471456284443,90.68605338413116,68.87761084309854,141.71070435511402,113.49996649781306,72.87207505802478,71.15514204814217
297TPS7LCO,store_C,False,5,True,False,False,1,1442,252,180,748,0.4812760055478502,0.3333333333333333,0.2393048128342246,0.008064516129032258,0.008064516129032258,0.008064516129032258,0.008064516129032258,0.3225806451612903,0.3225806451612903,0.3225806451612903,1553345525.962001,1553345552.9960701,27.034069061279297,0.6626984126984127,0.0,0.5087945087945088,332.4798315130743,0.6666666666666666,0.4007936507936508,0.6706349206349206,0.6349206349206349,0.5674603174603174,0.0,0.40784313725490196,0.023529411764705882,0.22033898305084745,0.3393939393939394,0.5,0.44119629833915547,0.42909235766378623,0.42691671263099834,0.4266102837531409,0.579640865355151,44.89320136955129,21.952356547282683,297.4597341062808,24.527660615639668,106.51002933819477,82.75827035854435,0.7606951871657754,0.0,0.5734801617557642,147.48488178289693,0.7606951871657754,0.6443850267379679,0.6898395721925134,0.2393048128342246,0.2393048128342246,0.0,0.1582278481012658,0.28395061728395066,0.3861920172599785,0.3861920172599785,0.5,0.6031482535975216,0.6158541881810198,0.5766940441836449,0.6742397189541853,0.7135880632739136,90.68605338413116,68.87761084309854,122.16425707692058,113.49996649781306,72.87207505802478,71.18230395368849
VVF86NFFXR,store_C,False,5,True,False,False,1,1442,252,180,748,0.4812760055478502,0.3333333333333333,0.2393048128342246,0.008064516129032258,0.008064516129032258,0.008064516129032258,0.008064516129032258,0.3225806451612903,0.3225806451612903,0.3225806451612903,1553345829.4510982,1553345856.0454397,26.59434151649475,0.6468253968253969,0.0,0.5475271189556904,281.6622442704509,0.6666666666666666,0.38492063492063494,0.6706349206349206,0.6349206349206349,0.5674603174603174,0.0,0.41509433962264153,0.023529411764705882,0.22033898305084745,0.3393939393939394,0.5,0.5244223815652387,0.42909235766378623,0.42691671263099834,0.4601948887663173,0.5605197033768462,44.89320136955129,21.952356547282683,319.99424130134594,24.527660615639668,106.51002933819477,82.62634231762168,0.7606951871657754,0.0,0.5968749095190758,129.3991690267616,0.7606951871657754,0.6296791443850267,0.6898395721925134,0.2393048128342246,0.2393048128342246,0.0,0.12063492063492064,0.28395061728395066,0.3861920172599785,0.3861920172599785,0.5,0.5658073793828959,0.6158541881810198,0.5766940441836449,0.6742300676556031,0.7281615241330721,90.68605338413116,68.87761084309854,154.2136685908376,113.49996649781306,72.87207505802478,71.24689240381774
48MCMINHE2,store_C,False,5,True,False,False,1,1442,252,180,748,0.4812760055478502,0.3333333333333333,0.2393048128342246,0.008064516129032258,0.008064516129032258,0.008064516129032258,0.008064516129032258,0.3225806451612903,0.3225806451612903,0.3225806451612903,1553345910.1977987,1553345936.953482,26.755683183670044,0.6587301587301587,0.0,0.5016240730526444,303.37625723660517,0.6666666666666666,0.42857142857142855,0.6706349206349206,0.6349206349206349,0.5793650793650794,0.0,0.4893617021276596,0.023529411764705882,0.22033898305084745,0.345679012345679,0.5,0.4935956364527793,0.42909235766378623,0.42691671263099834,0.4124532695961267,0.5418275418275418,44.89320136955129,21.952356547282683,316.5539930428836,24.527660615639668,106.51002933819477,83.0553362355331,0.7606951871657754,0.0,0.5896171329852432,138.70037606432595,0.7606951871657754,0.6323529411764706,0.6898395721925134,0.2393048128342246,0.2393048128342246,0.0,0.12698412698412698,0.28395061728395066,0.3861920172599785,0.3861920172599785,0.5,0.625076003976335,0.6158541881810198,0.5766940441836449,0.6544352542634612,0.7287212994508411,90.68605338413116,68.87761084309854,157.7675364351748,113.49996649781306,72.87207505802478,71.21542007259337
UW7TZ50IZ1,store_C,False,5,True,False,False,1,1442,252,180,748,0.4812760055478502,0.3333333333333333,0.2393048128342246,0.008064516129032258,0.008064516129032258,0.008064516129032258,0.008064516129032258,0.3225806451612903,0.3225806451612903,0.3225806451612903,1553346708.85946,1553346735.0820808,26.222620725631714,0.6547619047619048,0.0,0.5250352393209536,287.06322051972745,0.45634920634920634,0.5018181818181818,0.49813078384506954,26050871.641223453,0.6666666666666666,0.6706349206349206,0.6349206349206349,0.5674603174603174,0.0,0.023529411764705882,0.22033898305084745,0.3393939393939394,0.5,0.42909235766378623,0.42691671263099834,0.407611693325979,0.5896917325488754,44.89320136955129,21.952356547282683,24.527660615639668,106.51002933819477,82.7937998428411,0.7606951871657754,0.0,0.5595340353044502,152.33875033770073,0.6483957219251337,0.19076923076923077,0.5874841959985716,17139143.215753205,0.7606951871657754,0.6898395721925134,0.2393048128342246,0.2393048128342246,0.0,0.28395061728395066,0.3861920172599785,0.3861920172599785,0.5,0.6158541881810198,0.5766940441836449,0.6220937527144277,0.7089747425516103,90.68605338413116,68.87761084309854,113.49996649781306,72.87207505802478,71.30187932669867
46EVSUKT5E,store_C,False,5,True,False,False,1,1442,252,180,748,0.4812760055478502,0.3333333333333333,0.2393048128342246,0.008064516129032258,0.008064516129032258,0.008064516129032258,0.008064516129032258,0.3225806451612903,0.3225806451612903,0.3225806451612903,1553346863.344735,1553346890.8062835,27.461548566818237,0.6547619047619048,0.0,0.45363731078016795,366.21413116057516,0.40476190476190477,0.43609022556390975,0.5510816939388368,27077857.78813305,0.6666666666666666,0.6706349206349206,0.6349206349206349,0.5793650793650794,0.0,0.023529411764705882,0.22033898305084745,0.345679012345679,0.5,0.42909235766378623,0.42691671263099834,0.44806030520316237,0.5718575718575719,44.89320136955129,21.952356547282683,24.527660615639668,106.51002933819477,83.20023673363306,0.7606951871657754,0.0,0.6070763321204868,126.630025571097,0.6243315508021391,0.17109144542772858,0.5923098452896838,12963752.56640119,0.7606951871657754,0.6898395721925134,0.2393048128342246,0.2393048128342246,0.0,0.28395061728395066,0.3861920172599785,0.3861920172599785,0.5,0.6158541881810198,0.5766940441836449,0.5865190661403492,0.6956945557024697,90.68605338413116,68.87761084309854,113.49996649781306,72.87207505802478,71.30219218115175
W96AA39LSY,store_C,False,5,True,False,False,1,1442,252,180,748,0.4812760055478502,0.3333333333333333,0.2393048128342246,0.008064516129032258,0.008064516129032258,0.008064516129032258,0.008064516129032258,0.3225806451612903,0.3225806451612903,0.3225806451612903,1553347554.7541075,1553347582.0179448,27.263837337493896,0.6547619047619048,0.0,0.4538211681068824,387.36541733653564,0.4365079365079365,0.46616541353383456,0.4709811852668995,27447492.09230082,0.6706349206349206,0.023529411764705882,0.42909235766378623,24.527660615639668,0.6666666666666666,0.6349206349206349,0.5674603174603174,0.0,0.22033898305084745,0.3393939393939394,0.5,0.42691671263099834,0.42783599926457067,0.5690997119568548,44.89320136955129,21.952356547282683,106.51002933819477,82.60588709092073,0.7606951871657754,0.0,0.5577292424695742,133.34584445345251,0.6229946524064172,0.16071428571428573,0.5999054172738942,13702032.199526276,0.7606951871657754,0.6898395721925134,0.2393048128342246,0.2393048128342246,0.0,0.28395061728395066,0.3861920172599785,0.3861920172599785,0.5,0.6158541881810198,0.5766940441836449,0.6912742609518111,0.7212125891538707,90.68605338413116,68.87761084309854,113.49996649781306,72.87207505802478,71.14377738982432
GYU99T9WJC,store_C,False,5,True,False,False,1,1442,252,180,748,0.4812760055478502,0.3333333333333333,0.2393048128342246,0.008064516129032258,0.008064516129032258,0.008064516129032258,0.008064516129032258,0.3225806451612903,0.3225806451612903,0.3225806451612903,1553347755.0417318,1553347781.1375122,26.09578037261963,0.6507936507936508,0.0,0.5026046454617883,353.79227053076306,0.4087301587301587,0.4377358490566038,0.502053073481645,23322829.664191034,0.6706349206349206,0.023529411764705882,0.42909235766378623,24.527660615639668,0.6666666666666666,0.6349206349206349,0.5674603174603174,0.0,0.22033898305084745,0.3393939393939394,0.5,0.42691671263099834,0.449898878470307,0.5872403015260158,44.89320136955129,21.952356547282683,106.51002933819477,82.91168789420983,0.7606951871657754,0.0,0.5853030025189889,130.94760273352514,0.6216577540106952,0.1345565749235474,0.6137260768436393,14911013.178440258,0.6898395721925134,0.28395061728395066,0.6158541881810198,113.49996649781306,0.7606951871657754,0.2393048128342246,0.2393048128342246,0.0,0.3861920172599785,0.3861920172599785,0.5,0.5766940441836449,0.6640769015471032,0.7029523322363024,90.68605338413116,68.87761084309854,72.87207505802478,71.22748324608584
LQ2WP0T9V3,store_C,False,5,True,False,False,1,1442,252,180,748,0.4812760055478502,0.3333333333333333,0.2393048128342246,0.008064516129032258,0.008064516129032258,0.008064516129032258,0.008064516129032258,0.3225806451612903,0.3225806451612903,0.3225806451612903,1553347839.8732722,1553347866.0589812,26.18570899963379,0.6587301587301587,0.0,0.5121039406753692,323.7688227252593,0.43253968253968256,0.47232472324723246,0.4356805785377214,35031812.00164255,0.6706349206349206,0.023529411764705882,0.42909235766378623,24.527660615639668,0.6666666666666666,0.6349206349206349,0.5793650793650794,0.0,0.22033898305084745,0.345679012345679,0.5,0.42691671263099834,0.4024024024024024,0.5695287123858552,44.89320136955129,21.952356547282683,106.51002933819477,83.01435012784532,0.7606951871657754,0.0,0.6043257120245529,122.01343896088906,0.6136363636363636,0.15249266862170088,0.6276432493992067,16419676.577811262,0.6898395721925134,0.28395061728395066,0.6158541881810198,113.49996649781306,0.7606951871657754,0.2393048128342246,0.2393048128342246,0.0,0.3861920172599785,0.3861920172599785,0.5,0.5766940441836449,0.644185575169139,0.7073919295841256,90.68605338413116,68.87761084309854,72.87207505802478,71.2296482962156
BWTS3XNBR9,store_C,False,5,True,False,False,1,1442,252,180,748,0.4812760055478502,0.3333333333333333,0.2393048128342246,0.008064516129032258,0.008064516129032258,0.008064516129032258,0.008064516129032258,0.3225806451612903,0.3225806451612903,0.3225806451612903,1553347959.4094565,1553347985.8020556,26.39259910583496,0.6587301587301587,0.0,0.4696328982043268,351.254261251741,0.4087301587301587,0.4156862745098039,0.5221548078690936,24285990.439083505,0.6706349206349206,0.023529411764705882,0.42909235766378623,24.527660615639668,0.6666666666666666,0.6349206349206349,0.5793650793650794,0.0,0.22033898305084745,0.345679012345679,0.5,0.42691671263099834,0.4133725562296991,0.5815407243978673,44.89320136955129,21.952356547282683,106.51002933819477,83.01628670950302,0.7606951871657754,0.0,0.5678245007865809,170.39751299311231,0.6417112299465241,0.2342857142857143,0.5496125003619237,15433221.05380838,0.6898395721925134,0.28395061728395066,0.6158541881810198,113.49996649781306,0.7606951871657754,0.2393048128342246,0.2393048128342246,0.0,0.3861920172599785,0.3861920172599785,0.5,0.5766940441836449,0.6721164332660959,0.6855992973854632,90.68605338413116,68.87761084309854,72.87207505802478,71.19476200712286
OIOV5T0V55,store_C,False,5,True,False,False,1,1442,252,180,748,0.4812760055478502,0.3333333333333333,0.2393048128342246,0.008064516129032258,0.008064516129032258,0.008064516129032258,0.008064516129032258,0.3225806451612903,0.3225806451612903,0.3225806451612903,1553349138.3484228,1553349163.3790224,25.03059959411621,0.6666666666666666,0.0,0.5085493656922229,335.1885464070476,0.6587301587301587,0.0,0.5390696819268248,273.76360303970944,0.6706349206349206,0.023529411764705882,0.42909235766378623,24.527660615639668,0.6666666666666666,0.6349206349206349,0.5793650793650794,0.0,0.22033898305084745,0.345679012345679,0.5,0.42691671263099834,0.3912483912483912,0.5699577128148556,44.89320136955129,21.952356547282683,106.51002933819477,83.13129942292967,0.7606951871657754,0.0,0.6048082769536641,130.97192613481255,0.7606951871657754,0.0,0.6032930230762549,117.75022792607567,0.6898395721925134,0.28395061728395066,0.6158541881810198,113.49996649781306,0.7606951871657754,0.2393048128342246,0.2393048128342246,0.0,0.3861920172599785,0.3861920172599785,0.5,0.5766940441836449,0.6388291044560046,0.7145724957293004,90.68605338413116,68.87761084309854,72.87207505802478,71.22494512919515
8TZZWIG6RK,store_C,False,5,True,False,False,1,1442,252,180,748,0.4812760055478502,0.3333333333333333,0.2393048128342246,0.008064516129032258,0.008064516129032258,0.008064516129032258,0.008064516129032258,0.3225806451612903,0.3225806451612903,0.3225806451612903,1553349212.7595463,1553349240.1411533,27.381607055664062,0.6666666666666666,0.0,0.4966599252313538,369.31607387396184,0.6587301587301587,0.0,0.5092235092235092,294.8088843979069,0.6706349206349206,0.023529411764705882,0.42909235766378623,24.527660615639668,0.6666666666666666,0.6349206349206349,0.5714285714285714,0.0,0.22033898305084745,0.3414634146341463,0.5,0.42691671263099834,0.42875528589814305,0.5379665379665379,44.89320136955129,21.952356547282683,106.51002933819477,82.93789632920925,0.7606951871657754,0.0,0.6207522222114985,131.2291561113898,0.7606951871657754,0.0,0.5659231949658826,154.70235665098568,0.6898395721925134,0.28395061728395066,0.6158541881810198,113.49996649781306,0.7606951871657754,0.2393048128342246,0.2393048128342246,0.0,0.3861920172599785,0.3861920172599785,0.5,0.5766940441836449,0.614527134625964,0.6830030980668449,90.68605338413116,68.87761084309854,72.87207505802478,71.29107805638152
OAH7KK6GGQ,store_C,False,5,True,False,False,1,1442,252,180,748,0.4812760055478502,0.3333333333333333,0.2393048128342246,0.008064516129032258,0.008064516129032258,0.008064516129032258,0.008064516129032258,0.3225806451612903,0.3225806451612903,0.3225806451612903,1553349417.317231,1553349443.4170957,26.099864721298218,0.6666666666666666,0.0,0.4976404976404976,376.67018676109353,0.6547619047619048,0.0,0.5122265122265123,258.43774039642295,0.6706349206349206,0.023529411764705882,0.42909235766378623,24.527660615639668,0.6666666666666666,0.6349206349206349,0.5674603174603174,0.0,0.22033898305084745,0.3393939393939394,0.5,0.42691671263099834,0.449898878470307,0.5676901391187106,44.89320136955129,21.952356547282683,106.51002933819477,83.02297867450663,0.7606951871657754,0.0,0.5830059934564196,130.4207588547036,0.7606951871657754,0.0,0.5888064239043364,135.11186343137015,0.6898395721925134,0.28395061728395066,0.6158541881810198,113.49996649781306,0.7606951871657754,0.2393048128342246,0.2393048128342246,0.0,0.3861920172599785,0.3861920172599785,0.5,0.5766940441836449,0.6615386100199782,0.7258162585775916,90.68605338413116,68.87761084309854,72.87207505802478,71.22185268936146
KM8NF7UDUB,store_C,False,5,True,False,False,1,1442,252,180,748,0.4812760055478502,0.3333333333333333,0.2393048128342246,0.008064516129032258,0.008064516129032258,0.008064516129032258,0.008064516129032258,0.3225806451612903,0.3225806451612903,0.3225806451612903,1553349489.0680563,1553349516.0410872,26.97303080558777,0.4126984126984127,0.43076923076923074,0.5007660721946436,307.09910301211426,0.4087301587301587,0.45421245421245426,0.48072562358276644,311.7725413026183,0.6706349206349206,0.023529411764705882,0.42909235766378623,24.527660615639668,0.6666666666666666,0.6349206349206349,0.5674603174603174,0.0,0.22033898305084745,0.3393939393939394,0.5,0.42691671263099834,0.4582337439480297,0.5676901391187106,44.89320136955129,21.952356547282683,106.51002933819477,82.8609866684814,0.6163101604278075,0.1681159420289855,0.6083020470404293,171.75223942418376,0.6497326203208557,0.18125000000000002,0.581046779844228,169.85145491256839,0.6898395721925134,0.28395061728395066,0.6158541881810198,113.49996649781306,0.7606951871657754,0.2393048128342246,0.2393048128342246,0.0,0.3861920172599785,0.3861920172599785,0.5,0.5766940441836449,0.6678891644870817,0.7105189503247662,90.68605338413116,68.87761084309854,72.87207505802478,71.21464844490453
UEY8DFBQRG,store_C,False,5,True,False,False,10,1442,252,180,748,0.4812760055478502,0.3333333333333333,0.2393048128342246,0.008064516129032258,0.008064516129032258,0.008064516129032258,0.008064516129032258,0.3225806451612903,0.3225806451612903,0.3225806451612903,1553349722.5556924,1553349777.5079317,54.95223927497864,0.42063492063492064,0.4552238805970149,0.45510816939388365,319.24337959878,0.38095238095238093,0.43478260869565216,0.501685358828216,339.76450503261896,0.6706349206349206,0.023529411764705882,0.42909235766378623,24.527660615639668,0.6666666666666666,0.6349206349206349,0.4523809523809524,0.0,0.22033898305084745,0.43902439024390244,0.5,0.42691671263099834,0.40638597781454927,0.40644726359012073,44.89320136955129,21.952356547282683,106.51002933819477,52.82015535798181,0.6149732620320856,0.14285714285714285,0.5997799503923252,158.83682373706358,0.6417112299465241,0.16770186335403728,0.6074044762722824,138.6644708803668,0.6898395721925134,0.28395061728395066,0.6158541881810198,113.49996649781306,0.7606951871657754,0.2393048128342246,0.2393048128342246,0.0,0.3861920172599785,0.3861920172599785,0.5,0.5766940441836449,0.6189956858695338,0.6193624352156583,90.68605338413116,68.87761084309854,72.87207505802478,94.27578861976124
4HLYRY58TS,store_C,False,5,True,False,False,10,1442,252,180,748,0.4812760055478502,0.3333333333333333,0.2393048128342246,0.008064516129032258,0.008064516129032258,0.008064516129032258,0.008064516129032258,0.3225806451612903,0.3225806451612903,0.3225806451612903,1553350271.5292037,1553350325.5685472,54.03934359550476,0.4444444444444444,0.46564885496183206,0.4488570202855917,359.0362596844798,0.36507936507936506,0.42857142857142855,0.48078690935833795,380.40407070793714,0.6706349206349206,0.023529411764705882,0.42909235766378623,24.527660615639668,0.6349206349206349,0.22033898305084745,0.42691671263099834,106.51002933819477,0.6666666666666666,0.4365079365079365,0.0,0.43650793650793646,0.5,0.40736655022369306,0.4082245510816939,44.89320136955129,21.952356547282683,49.997395242255784,0.6550802139037433,0.1987577639751553,0.6076071535425092,157.7062085318895,0.6590909090909091,0.22018348623853212,0.5889704959802341,150.76717293055836,0.6898395721925134,0.28395061728395066,0.6158541881810198,113.49996649781306,0.2393048128342246,0.3861920172599785,0.5766940441836449,72.87207505802478,0.7606951871657754,0.2393048128342246,0.0,0.3861920172599785,0.5,0.6219489832356944,0.6233291189329524,90.68605338413116,68.87761084309854,95.91313908194296
135AIUB1P1,store_C,False,5,True,False,False,1,1442,252,180,748,0.4812760055478502,0.3333333333333333,0.2393048128342246,0.008064516129032258,0.008064516129032258,0.008064516129032258,0.008064516129032258,0.3225806451612903,0.3225806451612903,0.3225806451612903,1553351188.8666608,1553351214.4131904,25.546529531478882,0.6666666666666666,0.0,0.5,44.89320136955129,21.952356547282683,0.4087301587301587,0.42911877394636017,0.46117546117546115,372.654570373889,0.46825396825396826,0.45967741935483875,0.44726359012073297,377.41919874633425,0.6706349206349206,0.023529411764705882,0.42909235766378623,24.527660615639668,0.6349206349206349,0.22033898305084745,0.42691671263099834,106.51002933819477,0.5714285714285714,0.3414634146341463,0.43420971992400564,0.5778022920880064,82.84921562446867,0.6617647058823529,0.21671826625386995,0.5566772509241118,156.2528349807368,0.6524064171122995,0.18238993710691823,0.5715112968449905,168.67003821189604,0.6898395721925134,0.28395061728395066,0.6158541881810198,113.49996649781306,0.2393048128342246,0.3861920172599785,0.5766940441836449,72.87207505802478,0.7606951871657754,0.2393048128342246,0.0,0.3861920172599785,0.5,0.6636618957080676,0.7066198256975476,90.68605338413116,68.87761084309854,71.21412369458038
NCRLVWTW8E,store_C,False,5,True,False,False,1,1442,252,180,748,0.4812760055478502,0.3333333333333333,0.2393048128342246,0.008064516129032258,0.008064516129032258,0.008064516129032258,0.008064516129032258,0.3225806451612903,0.3225806451612903,0.3225806451612903,1553351865.2026556,1553351892.407697,27.20504140853882,0.6666666666666666,0.0,0.5,44.89320136955129,21.952356547282683,0.44047619047619047,0.4679245283018868,0.49531163816878104,308.6511775433084,0.4523809523809524,0.4609375,0.4797450511736226,261.68021963959103,0.6706349206349206,0.023529411764705882,0.42909235766378623,24.527660615639668,0.6349206349206349,0.22033898305084745,0.42691671263099834,106.51002933819477,0.5674603174603174,0.3393939393939394,0.4615431758288901,0.5734510020224306,82.54325798606534,0.7606951871657754,0.0,0.5,90.68605338413116,68.87761084309854,0.6310160427807486,0.17857142857142858,0.5675060079333675,143.99042412994962,0.6417112299465241,0.22988505747126434,0.5716560663237239,161.14282239465578,0.6898395721925134,0.28395061728395066,0.6158541881810198,113.49996649781306,0.2393048128342246,0.3861920172599785,0.5766940441836449,72.87207505802478,0.2393048128342246,0.3861920172599785,0.6881665428083349,0.7130668931504734,71.23605986594112
5HMQW0ZTMB,store_C,False,5,True,False,False,1,1442,252,180,748,0.4812760055478502,0.3333333333333333,0.2393048128342246,0.008064516129032258,0.008064516129032258,0.008064516129032258,0.008064516129032258,0.3225806451612903,0.3225806451612903,0.3225806451612903,1553351919.8327785,1553351945.4022768,25.569498300552368,0.6666666666666666,0.0,0.5,44.89320136955129,21.952356547282683,0.376984126984127,0.3984674329501916,0.5431145431145431,286.45944545978114,0.38095238095238093,0.4000000000000001,0.5364956793528222,327.1013071669075,0.6706349206349206,0.023529411764705882,0.42909235766378623,24.527660615639668,0.6349206349206349,0.22033898305084745,0.42691671263099834,106.51002933819477,0.5714285714285714,0.3414634146341463,0.4464668750383036,0.6006006006006006,82.99397023428428,0.7606951871657754,0.0,0.5,90.68605338413116,68.87761084309854,0.6457219251336899,0.1945288753799392,0.6002818179186009,140.712786230545,0.643048128342246,0.1834862385321101,0.5735091156515109,130.20581002109932,0.6898395721925134,0.28395061728395066,0.6158541881810198,113.49996649781306,0.2393048128342246,0.3861920172599785,0.5766940441836449,72.87207505802478,0.2393048128342246,0.3861920172599785,0.6490401783559978,0.7130282879561445,71.24356341923847
G7K9746XTT,store_C,False,5,True,False,False,1,1442,252,180,748,0.4812760055478502,0.3333333333333333,0.2393048128342246,0.008064516129032258,0.008064516129032258,0.008064516129032258,0.008064516129032258,0.3225806451612903,0.3225806451612903,0.3225806451612903,1553351991.4567642,1553352017.5171888,26.06042456626892,0.6666666666666666,0.0,0.5,44.89320136955129,21.952356547282683,0.3888888888888889,0.4122137404580153,0.5285285285285285,290.95859149976684,0.44841269841269843,0.44621513944223107,0.4810320524606239,317.17135231947543,0.6706349206349206,0.023529411764705882,0.42909235766378623,24.527660615639668,0.6349206349206349,0.22033898305084745,0.42691671263099834,106.51002933819477,0.5674603174603174,0.3393939393939394,0.45786602929460074,0.5711834283262854,82.85355052002988,0.7606951871657754,0.0,0.5,90.68605338413116,68.87761084309854,0.6229946524064172,0.1802325581395349,0.6087460067752116,121.0241528262746,0.6443850267379679,0.1987951807228916,0.5909297095924256,131.0138512120662,0.6898395721925134,0.28395061728395066,0.6158541881810198,113.49996649781306,0.2393048128342246,0.3861920172599785,0.5766940441836449,72.87207505802478,0.2393048128342246,0.3861920172599785,0.6628801405229073,0.7067163386833698,71.24625515059905
XIG4KJ6VW4,store_C,False,5,True,False,False,1,1442,252,180,748,0.4812760055478502,0.3333333333333333,0.2393048128342246,0.008064516129032258,0.008064516129032258,0.008064516129032258,0.008064516129032258,0.3225806451612903,0.3225806451612903,0.3225806451612903,1553352438.2095273,1553352464.6923723,26.482845067977905,0.6666666666666666,0.0,0.5,44.89320136955129,21.952356547282683,0.39285714285714285,0.4312267657992565,0.5356376784948214,322.6143065013116,0.4365079365079365,0.46616541353383456,0.46969418397989826,349.0814765190378,0.6706349206349206,0.023529411764705882,0.42909235766378623,24.527660615639668,0.6349206349206349,0.22033898305084745,0.42691671263099834,106.51002933819477,0.5674603174603174,0.3393939393939394,0.42317828032113747,0.5868725868725869,82.86470674431789,0.7606951871657754,0.0,0.5,90.68605338413116,68.87761084309854,0.643048128342246,0.22157434402332365,0.5928020615173771,148.33365728943656,0.6296791443850267,0.18768328445747798,0.5865576713346781,113.64252960886922,0.6898395721925134,0.28395061728395066,0.6158541881810198,113.49996649781306,0.2393048128342246,0.3861920172599785,0.5766940441836449,72.87207505802478,0.2393048128342246,0.3861920172599785,0.6786986188991729,0.7011185855056797,71.17089981882008
DKMSYH2HYE,store_C,False,5,True,False,False,1,1442,252,180,748,0.4812760055478502,0.3333333333333333,0.2393048128342246,0.008064516129032258,0.008064516129032258,0.008064516129032258,0.008064516129032258,0.3225806451612903,0.3225806451612903,0.3225806451612903,1553353253.6916656,1553353273.1520677,19.460402011871338,0.6666666666666666,0.0,0.5,44.89320136955129,21.952356547282683,0.36904761904761907,0.39080459770114945,0.5266899552613838,307.4803572599474,0.40476190476190477,0.4230769230769231,0.5312251026536741,288.24039685139803,0.6706349206349206,0.023529411764705882,0.42909235766378623,24.527660615639668,0.6349206349206349,0.22033898305084745,0.42691671263099834,106.51002933819477,0.5674603174603174,0.3393939393939394,0.4120242691671263,0.5463014034442606,82.7688408554506,0.7606951871657754,0.0,0.5,90.68605338413116,68.87761084309854,0.6336898395721925,0.15950920245398773,0.585824172642429,151.9357826891574,0.6363636363636364,0.16564417177914112,0.6061691100537577,131.49932234832352,0.6898395721925134,0.28395061728395066,0.6158541881810198,113.49996649781306,0.2393048128342246,0.3861920172599785,0.5766940441836449,72.87207505802478,0.2393048128342246,0.3861920172599785,0.677067549438777,0.7147944755966915,71.20286736033466
55BLTKCHX5,store_C,False,5,True,False,False,1,1442,252,180,748,0.4812760055478502,0.3333333333333333,0.2393048128342246,0.008064516129032258,0.008064516129032258,0.008064516129032258,0.008064516129032258,0.3225806451612903,0.3225806451612903,0.3225806451612903,1553353315.498769,1553353334.8772318,19.37846279144287,0.6666666666666666,0.0,0.5,44.89320136955129,21.952356547282683,0.4007936507936508,0.44280442804428044,0.5383342526199669,349.55742523601094,0.4365079365079365,0.46616541353383456,0.4676717533860391,293.9351141189573,0.6706349206349206,0.023529411764705882,0.42909235766378623,24.527660615639668,0.6349206349206349,0.22033898305084745,0.42691671263099834,106.51002933819477,0.5674603174603174,0.3393939393939394,0.5277930992216706,0.5807440093154379,82.66873630202625,0.7606951871657754,0.0,0.5,90.68605338413116,68.87761084309854,0.6590909090909091,0.229607250755287,0.5826875006032062,140.78190600928266,0.6617647058823529,0.19682539682539685,0.5470452549390521,142.95257654713038,0.6898395721925134,0.28395061728395066,0.6158541881810198,113.49996649781306,0.2393048128342246,0.3861920172599785,0.5766940441836449,72.87207505802478,0.2393048128342246,0.3861920172599785,0.651327536119985,0.7154411126017005,71.25506379971033
H3ZPHO57HQ,store_C,False,5,True,False,False,1,1442,252,180,748,0.4812760055478502,0.3333333333333333,0.2393048128342246,0.008064516129032258,0.008064516129032258,0.008064516129032258,0.008064516129032258,0.3225806451612903,0.3225806451612903,0.3225806451612903,1553353386.4785893,1553353405.8318133,19.35322403907776,0.6666666666666666,0.0,0.5,44.89320136955129,21.952356547282683,0.4246031746031746,0.4569288389513108,0.5233805233805234,265.13922223990335,0.42857142857142855,0.441860465116279,0.5138812281669425,259.0584176278497,0.6706349206349206,0.023529411764705882,0.42909235766378623,24.527660615639668,0.6349206349206349,0.22033898305084745,0.42691671263099834,106.51002933819477,0.5753968253968254,0.3435582822085889,0.4182141324998468,0.5450756879328308,82.8579951953832,0.7606951871657754,0.0,0.5,90.68605338413116,68.87761084309854,0.6363636363636364,0.1952662721893491,0.5708164033470704,133.51236281621564,0.6470588235294118,0.1592356687898089,0.5909490121895901,157.27031023953134,0.6898395721925134,0.28395061728395066,0.6158541881810198,113.49996649781306,0.2393048128342246,0.3861920172599785,0.5766940441836449,72.87207505802478,0.2393048128342246,0.3861920172599785,0.634543927885497,0.7139644639186202,71.27164049908455
UALN8G182U,store_C,False,5,True,False,False,1,1442,252,180,748,0.4812760055478502,0.3333333333333333,0.2393048128342246,0.008064516129032258,0.008064516129032258,0.008064516129032258,0.008064516129032258,0.3225806451612903,0.3225806451612903,0.3225806451612903,1553353410.3522398,1553353429.6365275,19.284287691116333,0.6666666666666666,0.0,0.5,44.89320136955129,21.952356547282683,0.4365079365079365,0.45801526717557245,0.4920022062879206,331.85975268305054,0.4642857142857143,0.49438202247191004,0.46669118097689527,273.1498997916981,0.6706349206349206,0.023529411764705882,0.42909235766378623,24.527660615639668,0.6349206349206349,0.22033898305084745,0.42691671263099834,106.51002933819477,0.5674603174603174,0.3393939393939394,0.42985842985842987,0.5251578108720966,82.57407440719008,0.7606951871657754,0.0,0.5,90.68605338413116,68.87761084309854,0.6577540106951871,0.2380952380952381,0.5508092613861195,155.0491096966005,0.6390374331550802,0.16149068322981366,0.5774661480702229,132.13911326073762,0.6898395721925134,0.28395061728395066,0.6158541881810198,113.49996649781306,0.2393048128342246,0.3861920172599785,0.5766940441836449,72.87207505802478,0.2393048128342246,0.3861920172599785,0.6764402150309324,0.6964666595890477,71.2001004326356
PYDP91M7JZ,store_C,False,5,True,False,False,1,1442,252,180,748,0.4812760055478502,0.3333333333333333,0.2393048128342246,0.008064516129032258,0.008064516129032258,0.008064516129032258,0.008064516129032258,0.3225806451612903,0.3225806451612903,0.3225806451612903,1553354000.0786514,1553354019.5862927,19.507641315460205,0.6666666666666666,0.0,0.5,44.89320136955129,21.952356547282683,0.4007936507936508,0.43866171003717475,0.47165532879818595,307.7309353638359,0.3968253968253968,0.4108527131782946,0.5277318134460992,235.19122440726204,0.6706349206349206,0.023529411764705882,0.42909235766378623,24.527660615639668,0.6349206349206349,0.22033898305084745,0.42691671263099834,106.51002933819477,0.5674603174603174,0.3393939393939394,0.4410737267880125,0.5840534411962983,82.65312448838674,0.7606951871657754,0.0,0.5,90.68605338413116,68.87761084309854,0.6216577540106952,0.1602373887240356,0.6036983776167083,140.6626159332748,0.6524064171122995,0.2121212121212121,0.5712217578875237,149.05453913746524,0.6898395721925134,0.28395061728395066,0.6158541881810198,113.49996649781306,0.2393048128342246,0.3861920172599785,0.5766940441836449,72.87207505802478,0.2393048128342246,0.3861920172599785,0.6899906382403752,0.7224190014766487,71.20629445463504
9A16V7VMCQ,store_C,False,5,False,False,False,15,1442,252,180,748,0.4812760055478502,0.3333333333333333,0.2393048128342246,0.008064516129032258,0.008064516129032258,0.008064516129032258,0.008064516129032258,0.3225806451612903,0.3225806451612903,0.3225806451612903,1553354073.3244298,1553354113.1330736,39.80864381790161,0.6666666666666666,0.0,0.5,44.89320136955129,21.952356547282683,0.4246031746031746,0.4569288389513108,0.47802904945762087,336.7890192416502,0.4166666666666667,0.43678160919540227,0.49813078384506954,266.7492194363645,0.6706349206349206,0.023529411764705882,0.42909235766378623,24.527660615639668,0.6349206349206349,0.22033898305084745,0.42691671263099834,106.51002933819477,0.5833333333333334,0.33121019108280253,0.4055279769565484,0.6050744622173193,86.3304388856747,0.7606951871657754,0.0,0.5,90.68605338413116,68.87761084309854,0.6296791443850267,0.1924198250728863,0.5900996979143543,138.18971541513235,0.6497326203208557,0.1863354037267081,0.5564649223553029,142.22492577751404,0.6898395721925134,0.28395061728395066,0.6158541881810198,113.49996649781306,0.2393048128342246,0.3861920172599785,0.5766940441836449,72.87207505802478,0.2393048128342246,0.3861920172599785,0.5815776012662504,0.6043643172188818,76.74860257911143
5Y4A0ZLVMY,store_C,False,5,False,False,False,15,1442,252,180,748,0.4812760055478502,0.3333333333333333,0.2393048128342246,0.008064516129032258,0.008064516129032258,0.008064516129032258,0.008064516129032258,0.3225806451612903,0.3225806451612903,0.3225806451612903,1553354184.6081917,1553354337.1819146,152.57372283935547,0.6666666666666666,0.0,0.5,44.89320136955129,21.952356547282683,0.4087301587301587,0.4063745019920319,0.48771220199791626,367.74509804397934,0.42063492063492064,0.43410852713178294,0.525096525096525,349.8842770148579,0.6706349206349206,0.023529411764705882,0.42909235766378623,24.527660615639668,0.6349206349206349,0.22033898305084745,0.42691671263099834,106.51002933819477,0.4365079365079365,0.49645390070921985,0.5426855426855427,0.48513819942391373,37.097055142035956,0.7606951871657754,0.0,0.5,90.68605338413116,68.87761084309854,0.6229946524064172,0.1506024096385542,0.6107341742831498,136.91237734040672,0.6243315508021391,0.2084507042253521,0.5783540675397875,156.0231254595994,0.6898395721925134,0.28395061728395066,0.6158541881810198,113.49996649781306,0.2393048128342246,0.3861920172599785,0.5766940441836449,72.87207505802478,0.2393048128342246,0.3861920172599785,0.6525242971441807,0.6123748950421279,107.19143040602846
Y8U376TJV5,store_E,False,5,False,False,False,15,1029,348,180,652,0.3663751214771623,0.1752873563218391,0.2085889570552147,0.008064516129032258,0.008064516129032258,0.008064516129032258,0.008064516129032258,0.3225806451612903,0.3225806451612903,0.3225806451612903,1553354679.6474266,1553354799.8040445,120.15661787986755,0.8247126436781609,0.0,0.5,44.366369782459365,29.564435798249196,0.3132183908045977,0.2691131498470948,0.5214212504270584,273.60354220967565,0.3103448275862069,0.25,0.49121967885206697,306.9255922908504,0.8247126436781609,0.0,0.4645370686709942,38.25227333470757,0.8189655172413793,0.0,0.5483430133242227,119.39681131693031,0.5373563218390804,0.3481781376518219,0.559480696959344,0.5462248035531261,42.97715517602602,0.7914110429447853,0.0,0.5,69.89743423824574,58.58878801988716,0.6349693251533742,0.18493150684931503,0.6009517152381977,221.21065943597515,0.6457055214723927,0.247557003257329,0.5268173997204001,178.7189213074376,0.7791411042944786,0.19999999999999998,0.671207925583396,94.21728775335905,0.23773006134969324,0.34172185430463575,0.5626949134315518,61.60792524318601,0.2085889570552147,0.3451776649746193,0.6209135390902247,0.5835170448435315,80.87312111606707
XS9JGZ74TW,store_A,False,5,False,False,False,1,809,346,180,654,0.1915945611866502,0.18208092485549132,0.18501529051987767,0.008064516129032258,0.008064516129032258,0.008064516129032258,0.008064516129032258,0.3225806451612903,0.3225806451612903,0.3225806451612903,1553359661.2221706,1553359679.4167912,18.194620609283447,0.8179190751445087,0.0,0.5,65.64887913664347,52.858910834629675,0.3554913294797688,0.2736156351791531,0.4507333333333333,319.34274038858604,0.3583815028901734,0.2884615384615385,0.43446666666666667,362.61477670431054,0.8179190751445087,0.0,0.40313333333333334,68.61910938934378,0.8092485549132948,0.13157894736842105,0.5484666666666667,138.41680385208483,0.4884393063583815,0.3218390804597701,0.6577333333333333,0.5892,67.30672531321218,0.8149847094801224,0.0,0.5,105.87732053602069,76.93012056927078,0.7125382262996942,0.20338983050847456,0.5495315200582188,153.2517746939377,0.6850152905198776,0.1487603305785124,0.5433457654871282,183.80199883148813,0.8103975535168195,0.0,0.5224233603202038,147.3304135381391,0.18501529051987767,0.31225806451612903,0.45436489887504167,78.76161741008863,0.18501529051987767,0.31225806451612903,0.6833136238212195,0.6238515418902938,103.47727023307478
0FAI090MT8,store_A,False,5,False,False,False,1,809,346,180,654,0.1915945611866502,0.18208092485549132,0.18501529051987767,0.008064516129032258,0.008064516129032258,0.008064516129032258,0.008064516129032258,0.3225806451612903,0.3225806451612903,0.3225806451612903,1553359694.8672159,1553359712.9769201,18.10970425605774,0.8179190751445087,0.0,0.5,65.64887913664347,52.858910834629675,0.3901734104046243,0.254416961130742,0.48513333333333336,240.68970718715883,0.3583815028901734,0.25,0.5182,530.2139693797393,0.8179190751445087,0.0,0.40313333333333334,68.61910938934378,0.8092485549132948,0.13157894736842105,0.5484666666666667,138.41680385208483,0.4884393063583815,0.3218390804597701,0.6504,0.5826666666666667,67.55437571116194,0.8149847094801224,0.0,0.5,105.87732053602069,76.93012056927078,0.72782874617737,0.2457627118644068,0.49881742927317385,196.90046100348115,0.7048929663608563,0.17872340425531913,0.48044209951787503,180.42420069813363,0.8103975535168195,0.0,0.5224233603202038,147.3304135381391,0.18501529051987767,0.31225806451612903,0.45436489887504167,78.76161741008863,0.18501529051987767,0.31225806451612903,0.6713059825949846,0.616240637981746,103.89146194976843
PGS7HZB0TP,store_C,False,5,False,False,False,1,1442,252,180,748,0.4812760055478502,0.3333333333333333,0.2393048128342246,0.008064516129032258,0.008064516129032258,0.008064516129032258,0.008064516129032258,0.3225806451612903,0.3225806451612903,0.3225806451612903,1553360019.5319338,1553360042.7440307,23.21209692955017,0.6666666666666666,0.0,0.5,44.89320136955129,21.952356547282683,0.40476190476190477,0.41406249999999994,0.5012563583992156,354.76671111384525,0.4087301587301587,0.446096654275093,0.49408592265735124,355.34819776129575,0.6706349206349206,0.023529411764705882,0.42909235766378623,24.527660615639668,0.6349206349206349,0.22033898305084745,0.42691671263099834,106.51002933819477,0.5873015873015873,0.3333333333333333,0.43463872035300605,0.5680578537721395,85.73090051647871,0.7606951871657754,0.0,0.5,90.68605338413116,68.87761084309854,0.6524064171122995,0.2073170731707317,0.5713375734705105,148.47549555205242,0.6256684491978609,0.16666666666666663,0.5944717361721019,148.19667380916084,0.6898395721925134,0.28395061728395066,0.6158541881810198,113.49996649781306,0.2393048128342246,0.3861920172599785,0.5766940441836449,72.87207505802478,0.2393048128342246,0.3861920172599785,0.5831797168308996,0.631272137666123,73.22770738728747
HA9JMTPE67,store_D,False,5,False,False,False,1,771,398,180,602,0.2191958495460441,0.07788944723618091,0.11129568106312292,0.008064516129032258,0.008064516129032258,0.008064516129032258,0.008064516129032258,0.3225806451612903,0.3225806451612903,0.3225806451612903,1553360061.1980467,1553360080.6721878,19.474141120910645,0.9221105527638191,0.0,0.5,52.08305241393359,30.44634931614201,0.2663316582914573,0.14619883040935674,0.5112594771981441,278.3255180440857,0.2613065326633166,0.13529411764705881,0.5078646599524725,233.95249361082483,0.9221105527638191,0.0,0.5605409075478104,36.96728791021134,0.9221105527638191,0.0,0.6831503904039833,121.42492356090393,0.7462311557788944,0.1788617886178862,0.6367545547131379,0.6352834672400136,73.30129736915173,0.8887043189368771,0.0,0.5,73.5487501109996,66.31432915132915,0.6229235880398671,0.1302681992337165,0.5823476433503453,154.33004043737498,0.6478405315614618,0.152,0.5624437105974182,205.30740659750867,0.8853820598006644,0.0,0.5721254878414891,94.19632874534727,0.24916943521594684,0.19285714285714284,0.6543080156109277,65.88808153680604,0.11129568106312292,0.20029895366218234,0.577574302011408,0.6297508255779045,66.95078977833221
F1IN23HBHI,store_C,False,5,False,False,False,1,1442,252,180,748,0.4812760055478502,0.3333333333333333,0.2393048128342246,0.008064516129032258,0.008064516129032258,0.008064516129032258,0.008064516129032258,0.3225806451612903,0.3225806451612903,0.3225806451612903,1553360159.2281249,1553360182.4198558,23.191730976104736,0.6666666666666666,0.0,0.5,44.89320136955129,21.952356547282683,0.4603174603174603,0.48484848484848486,0.438132009560581,356.83782361939126,0.4087301587301587,0.42023346303501946,0.48421891279034135,372.95419561867624,0.6706349206349206,0.023529411764705882,0.42909235766378623,24.527660615639668,0.6349206349206349,0.22033898305084745,0.42691671263099834,106.51002933819477,0.5873015873015873,0.3333333333333333,0.4272231415088558,0.574125145553717,85.44000560848026,0.7606951871657754,0.0,0.5,90.68605338413116,68.87761084309854,0.6537433155080213,0.1981424148606811,0.5897039946724831,161.67682601487206,0.643048128342246,0.20298507462686566,0.5843861291536776,139.98667334940313,0.6898395721925134,0.28395061728395066,0.6158541881810198,113.49996649781306,0.2393048128342246,0.3861920172599785,0.5766940441836449,72.87207505802478,0.2393048128342246,0.3861920172599785,0.583671933058593,0.6262824162991131,73.8264607591776
IORU57MT9X,store_D,False,5,False,False,False,1,771,398,180,602,0.2191958495460441,0.07788944723618091,0.11129568106312292,0.008064516129032258,0.008064516129032258,0.008064516129032258,0.008064516129032258,0.3225806451612903,0.3225806451612903,0.3225806451612903,1553360185.3316245,1553360205.0053678,19.67374324798584,0.9221105527638191,0.0,0.5,52.08305241393359,30.44634931614201,0.2814070351758794,0.13333333333333336,0.580513749009845,179.5254452885656,0.24623115577889448,0.12280701754385967,0.45366074459658257,367.28189699391766,0.9221105527638191,0.0,0.5605409075478104,36.96728791021134,0.9221105527638191,0.0,0.6831503904039833,121.42492356090393,0.7412060301507538,0.1889763779527559,0.5221228923842933,0.6479574516238542,72.07665196729153,0.8887043189368771,0.0,0.5,73.5487501109996,66.31432915132915,0.6362126245847176,0.15444015444015444,0.575352746922846,207.7740699370442,0.6295681063122923,0.11155378486055778,0.6084058841188832,149.8896416705854,0.8853820598006644,0.0,0.5721254878414891,94.19632874534727,0.24916943521594684,0.19285714285714284,0.6543080156109277,65.88808153680604,0.11129568106312292,0.20029895366218234,0.6524767337135995,0.6383968778144701,66.5980469075584
1NE1TXVOAD,store_A,False,5,False,False,False,1,809,346,180,654,0.1915945611866502,0.18208092485549132,0.18501529051987767,0.008064516129032258,0.008064516129032258,0.008064516129032258,0.008064516129032258,0.3225806451612903,0.3225806451612903,0.3225806451612903,1553395156.1814032,1553395176.3821251,20.200721979141235,0.8179190751445087,0.0,0.5,65.64887913664347,52.858910834629675,0.3786127167630058,0.2662116040955631,0.47673333333333334,402.1784784240053,0.37283236994219654,0.30225080385852093,0.43133333333333335,327.4376825910946,0.8179190751445087,0.0,0.40313333333333334,68.61910938934378,0.8092485549132948,0.13157894736842105,0.5484666666666667,138.41680385208483,0.4913294797687861,0.32307692307692304,0.6534666666666666,0.5860666666666666,67.56505390361728,0.8149847094801224,0.0,0.5,105.87732053602069,76.93012056927078,0.6651376146788991,0.17358490566037732,0.5412990084599291,198.0463861793202,0.7064220183486238,0.17948717948717946,0.5092028260408139,170.69823896521078,0.8103975535168195,0.0,0.5224233603202038,147.3304135381391,0.18501529051987767,0.31225806451612903,0.45436489887504167,78.76161741008863,0.18501529051987767,0.31225806451612903,0.6934261196518997,0.6184693289669183,103.45713556940883
UG7DW9CYKH,store_A,False,5,False,False,False,1,1000,227,240,773,0.227,0.17180616740088106,0.14877102199223805,0.008064516129032258,0.008064516129032258,0.008064516129032258,0.008064516129032258,0.3225806451612903,0.3225806451612903,0.3225806451612903,1553395210.684149,1553395229.8849444,19.2007954120636,0.8281938325991189,0.0,0.5,90.25127468617151,34.79161698776409,0.2687224669603524,0.25225225225225223,0.48013245033112584,412.08480808179434,0.29515418502202645,0.2920353982300885,0.3971854304635762,402.7998175877321,0.8281938325991189,0.0,0.5848509933774835,38.29924770436091,0.8281938325991189,0.0,0.5491721854304635,144.4809407140243,0.7180616740088106,0.2558139534883721,0.625,0.6299668874172185,71.05204542812378,0.851228978007762,0.0,0.5,104.6507838705712,90.3960168546345,0.6610608020698577,0.22485207100591717,0.5291232744005813,199.13159109460295,0.6714100905562742,0.19620253164556964,0.5207677403729717,205.61402459305376,0.8486416558861578,0.064,0.635361164930976,143.75374583588953,0.2820181112548512,0.22159887798036465,0.6530182852991039,88.89670090653964,0.14877102199223805,0.25900900900900903,0.6444659723904093,0.6754964882538145,115.66137629104816
P71LKREA7S,store_E,False,5,False,False,False,1,1757,24,300,976,0.44450768355150827,0.08333333333333333,0.027663934426229508,0.008064516129032258,0.008064516129032258,0.008064516129032258,0.008064516129032258,0.3225806451612903,0.3225806451612903,0.3225806451612903,1553395247.5923398,1553395276.67585,29.083510160446167,0.9166666666666666,0.0,0.5,93.79494813197638,1.0550000000000002,0.08333333333333333,0.15384615384615385,0.3,397.5548599063348,0.08333333333333333,0.15384615384615385,0.5,346.407691456555,0.9166666666666666,0.0,0.4,25.322560529459295,0.9166666666666666,0.0,0.5666666666666667,255.7875726859864,0.9166666666666666,0.0,0.6666666666666666,0.5,99.90901269544905,0.9723360655737705,0.0,0.5,81.2228269432192,79.94494938369522,0.48668032786885246,0.045714285714285714,0.7385948428854786,133.25461791584425,0.44364754098360654,0.04232804232804233,0.6888506107109301,156.673522573113,0.8104508196721312,0.11483253588516747,0.7987263806242823,81.27574656765759,0.6024590163934426,0.05365853658536586,0.6496502766468316,106.39224576410413,0.28688524590163933,0.03064066852367688,0.6999686814907611,0.7813968055120576,74.23298796234498
6KBLV6KC9K,store_C,False,5,False,False,False,1,1020,414,120,586,0.42549019607843136,0.3719806763285024,0.3037542662116041,0.008064516129032258,0.008064516129032258,0.008064516129032258,0.008064516129032258,0.3225806451612903,0.3225806451612903,0.3225806451612903,1553395297.2840261,1553395317.0911522,19.80712604522705,0.6280193236714976,0.0,0.5,38.663001913335705,36.77040030156033,0.47342995169082125,0.4381443298969072,0.48209066666666667,216.28547390971386,0.4444444444444444,0.4306930693069307,0.5119786666666667,271.18017472849715,0.6280193236714976,0.0,0.492544,43.67527572906705,0.5217391304347826,0.5285714285714285,0.43304533333333334,71.43657927891108,0.5458937198067633,0.5299999999999999,0.4082773333333333,0.49777066666666664,77.2741365634795,0.6962457337883959,0.0,0.5,94.1469249812151,60.47666205175854,0.658703071672355,0.03846153846153846,0.5528121353558927,90.82375897166312,0.6348122866894198,0.07758620689655173,0.5694515752625438,105.0116827377846,0.6416382252559727,0.16,0.6025729288214703,115.57065217215032,0.3037542662116041,0.46596858638743455,0.5315169194865811,72.30697236146716,0.3037542662116041,0.46596858638743455,0.5295799299883314,0.5593348891481914,63.22113573683949
P5KMMY5LP4,store_A,False,5,False,False,False,1,626,472,120,528,0.15654952076677317,0.21398305084745764,0.2556818181818182,0.008064516129032258,0.008064516129032258,0.008064516129032258,0.008064516129032258,0.3225806451612903,0.3225806451612903,0.3225806451612903,1553395332.906949,1553395349.2395947,16.332645654678345,0.7860169491525424,0.0,0.5,58.82200619553529,58.81218518973335,0.3601694915254237,0.21761658031088082,0.5185486648091914,281.0173868487483,0.4258474576271186,0.2924281984334204,0.43461791315781234,247.5064514632842,0.7860169491525424,0.0,0.44213129637166204,74.08130240075731,0.548728813559322,0.409972299168975,0.545502927088877,80.30573992783921,0.510593220338983,0.40310077519379844,0.5948095044297655,0.5218983814920327,70.12318892915216,0.7443181818181818,0.0,0.5,119.83825431035827,74.41478296037542,0.7215909090909091,0.1090909090909091,0.5101759453781513,141.95877727481252,0.7291666666666666,0.18285714285714286,0.5144104516806722,164.58949510725296,0.7443181818181818,0.0,0.4886423319327731,150.406876618536,0.2556818181818182,0.4072398190045249,0.5168887867647058,91.10742653398624,0.2556818181818182,0.4072398190045249,0.5777639180672269,0.6004956670168067,95.46484915862167
VEONDMIVOU,store_B,False,5,False,False,False,1,643,547,120,453,0.2954898911353033,0.2230347349177331,0.2803532008830022,0.008064516129032258,0.008064516129032258,0.008064516129032258,0.008064516129032258,0.3225806451612903,0.3225806451612903,0.3225806451612903,1553395351.8514056,1553395369.6078503,17.756444692611694,0.7769652650822669,0.0,0.5,49.56078806650183,47.60674961948324,0.42413162705667273,0.28893905191873587,0.47522468303643073,332.78644758788647,0.39488117001828155,0.2693156732891832,0.47231584015406836,315.3337640007079,0.773308957952468,0.03125,0.4786852030171722,56.84495321376168,0.5118829981718465,0.43312101910828027,0.5472436206066442,69.36817149109021,0.5484460694698354,0.43218390804597706,0.5889704702294977,0.4749839512116835,78.81565592612604,0.7196467991169978,0.0,0.5,126.66668154162579,88.05884171297967,0.6865342163355408,0.06578947368421052,0.5980123227548954,130.94016535125033,0.6909492273730684,0.014084507042253521,0.5612972653612424,127.3623475614987,0.7328918322295805,0.16551724137931037,0.48782494935854154,151.16242202022005,0.2803532008830022,0.43793103448275866,0.6917412221471978,104.47735340437221,0.2803532008830022,0.43793103448275866,0.6394328156650911,0.6586765698852127,99.48948417971117
Q5WL3T1YR7,store_D,False,5,False,False,False,1,771,398,180,602,0.2191958495460441,0.07788944723618091,0.11129568106312292,0.008064516129032258,0.008064516129032258,0.008064516129032258,0.008064516129032258,0.3225806451612903,0.3225806451612903,0.3225806451612903,1553395968.8129215,1553395987.7225296,18.909608125686646,0.9221105527638191,0.0,0.5,52.08305241393359,30.44634931614201,0.2914572864321608,0.11874999999999998,0.49202217947267174,258.7094608893315,0.2562814070351759,0.1242603550295858,0.5315152200973181,247.1889757843822,0.9221105527638191,0.0,0.5605409075478104,36.96728791021134,0.9221105527638191,0.0,0.6831503904039833,121.42492356090393,0.7386934673366834,0.1746031746031746,0.6519180717438045,0.6531628380672174,70.7131174145994,0.8887043189368771,0.0,0.5,73.5487501109996,66.31432915132915,0.6495016611295681,0.1593625498007968,0.6097568297808466,149.97543200815895,0.6710963455149501,0.12389380530973453,0.6189132392674872,132.53089720069607,0.8853820598006644,0.0,0.5721254878414891,94.19632874534727,0.24916943521594684,0.19285714285714284,0.6543080156109277,65.88808153680604,0.11129568106312292,0.20029895366218234,0.6130291203842689,0.6403782647853498,66.50444787772118
ATLQIRXTDW,store_D,False,5,False,False,False,1,771,398,180,602,0.2191958495460441,0.07788944723618091,0.11129568106312292,0.008064516129032258,0.008064516129032258,0.008064516129032258,0.008064516129032258,0.3225806451612903,0.3225806451612903,0.3225806451612903,1553396612.3754117,1553396631.3060915,18.93067979812622,0.9221105527638191,0.0,0.5,52.08305241393359,30.44634931614201,0.27386934673366836,0.13213213213213212,0.39956998981554825,364.84755638716746,0.2864321608040201,0.12883435582822086,0.49258798234695034,256.2746017576104,0.9221105527638191,0.0,0.5605409075478104,36.96728791021134,0.9221105527638191,0.0,0.6831503904039833,121.42492356090393,0.7462311557788944,0.192,0.6451284372524613,0.6563313341631776,71.87001162410125,0.8887043189368771,0.0,0.5,73.5487501109996,66.31432915132915,0.6395348837209303,0.0995850622406639,0.6300210147102973,123.74751929862165,0.6411960132890365,0.12195121951219512,0.6140798558991294,190.75987904845545,0.8853820598006644,0.0,0.5721254878414891,94.19632874534727,0.24916943521594684,0.19285714285714284,0.6543080156109277,65.88808153680604,0.11129568106312292,0.20029895366218234,0.623026118282798,0.6356049234464125,66.58381922208106
JAHEBONGZM,store_B,False,5,False,False,False,1,932,380,180,620,0.33476394849785407,0.1868421052631579,0.2032258064516129,0.008064516129032258,0.008064516129032258,0.008064516129032258,0.008064516129032258,0.3225806451612903,0.3225806451612903,0.3225806451612903,1553398674.3370087,1553398694.3978937,20.060884952545166,0.7578947368421053,0.16363636363636364,0.4553044954950705,145.57606173728396,0.8131578947368421,0.0,0.5,61.768915100843444,33.13870078240433,0.3526315789473684,0.31284916201117313,0.48294730883532244,341.80055069280485,0.3631578947368421,0.2923976608187135,0.4665786121986886,411.348490870038,0.8131578947368421,0.0,0.4868861738761262,37.61902724227241,0.5894736842105263,0.29090909090909095,0.5471012783621869,0.5356384735129015,84.6931443687172,0.2032258064516129,0.3378016085790885,0.5748155872835738,89.28485755578633,0.7967741935483871,0.0,0.5,107.1331061428893,82.55792862536926,0.7096774193548387,0.15887850467289716,0.6099958593402549,159.0963173445013,0.6870967741935484,0.1565217391304348,0.6132163724753478,162.69054296826175,0.7919354838709678,0.16774193548387095,0.6325931265048231,141.5690722702516,0.2032258064516129,0.3378016085790885,0.6460656064532949,0.6725811645988927,95.65239095965676
6KFEW6T19Q,store_B,False,5,False,False,False,5,932,380,180,620,0.33476394849785407,0.1868421052631579,0.2032258064516129,0.008064516129032258,0.008064516129032258,0.008064516129032258,0.008064516129032258,0.3225806451612903,0.3225806451612903,0.3225806451612903,1553482093.603429,1553482141.1475952,47.54416608810425,0.7578947368421053,0.16363636363636364,0.4553044954950705,145.57606173728396,0.8131578947368421,0.0,0.5,61.768915100843444,33.13870078240433,0.3263157894736842,0.26857142857142857,0.5674795980942497,255.88559897526272,0.35526315789473684,0.28985507246376807,0.503891693004387,278.35842189182927,0.8131578947368421,0.0,0.4868861738761262,37.61902724227241,0.5947368421052631,0.29357798165137616,0.5982357658380112,0.5512524175668664,85.92306585837783,0.2032258064516129,0.3378016085790885,0.5748155872835738,89.28485755578633,0.7967741935483871,0.0,0.5,107.1331061428893,82.55792862536926,0.6806451612903226,0.15384615384615383,0.5668256475531768,154.9719843675616,0.6596774193548387,0.10970464135021096,0.6018678976183539,211.56276539786373,0.7919354838709678,0.16774193548387095,0.6325931265048231,141.5690722702516,0.2032258064516129,0.3378016085790885,0.6623215298970969,0.6732252672259114,122.20666754876375
HGV0A7YDWV,store_B,False,5,False,False,False,1,932,380,180,620,0.33476394849785407,0.1868421052631579,0.2032258064516129,0.008064516129032258,0.008064516129032258,0.008064516129032258,0.008064516129032258,0.3225806451612903,0.3225806451612903,0.3225806451612903,1553482164.6843722,1553482185.017381,20.333008766174316,0.7578947368421053,0.16363636363636364,0.4553044954950705,145.57606173728396,0.8131578947368421,0.0,0.5,61.768915100843444,33.13870078240433,0.3684210526315789,0.2857142857142857,0.5266286145572905,250.97348242041426,0.3394736842105263,0.2849002849002849,0.49629699514128023,399.16606467906206,0.8131578947368421,0.0,0.4868861738761262,37.61902724227241,0.6,0.2962962962962963,0.5680456625312514,0.5248832492098684,86.36706536272584,0.2032258064516129,0.3378016085790885,0.5748155872835738,89.28485755578633,0.7967741935483871,0.0,0.5,107.1331061428893,82.55792862536926,0.6854838709677419,0.15584415584415584,0.5947827687211495,156.28678855792086,0.6887096774193548,0.14977973568281938,0.5894919257134971,183.14161478485423,0.7919354838709678,0.16774193548387095,0.6325931265048231,141.5690722702516,0.2032258064516129,0.3378016085790885,0.6340270216387811,0.6714923244436947,96.00430362871998
01S7PT7JRU,store_B,False,5,False,False,False,1,932,380,180,620,0.33476394849785407,0.1868421052631579,0.2032258064516129,0.008064516129032258,0.008064516129032258,0.008064516129032258,0.008064516129032258,0.3225806451612903,0.3225806451612903,0.3225806451612903,1553482252.3942583,1553482272.4261117,20.031853437423706,0.7578947368421053,0.16363636363636364,0.4553044954950705,145.57606173728396,0.8131578947368421,0.0,0.5,61.768915100843444,33.13870078240433,0.33421052631578946,0.28328611898017,0.5609226850323128,301.3326372334955,0.35526315789473684,0.27728613569321536,0.4528987216378131,344.6571226329406,0.8131578947368421,0.0,0.4868861738761262,37.61902724227241,0.5894736842105263,0.29090909090909095,0.4750695787537148,0.5439407519222604,84.69298484485596,0.2032258064516129,0.3378016085790885,0.5748155872835738,89.28485755578633,0.7967741935483871,0.0,0.5,107.1331061428893,82.55792862536926,0.6838709677419355,0.14782608695652172,0.5650773689941264,148.20125073135577,0.6951612903225807,0.1818181818181818,0.6053491189596208,157.94904203924528,0.7919354838709678,0.16774193548387095,0.6325931265048231,141.5690722702516,0.2032258064516129,0.3378016085790885,0.5954882144555033,0.6714463171131934,95.71499816880548
1HWC08KC10,store_B,False,5,False,False,False,1,932,380,180,620,0.33476394849785407,0.1868421052631579,0.2032258064516129,0.008064516129032258,0.008064516129032258,0.008064516129032258,0.008064516129032258,0.3225806451612903,0.3225806451612903,0.3225806451612903,1553482346.2226915,1553482365.756887,19.53419542312622,0.7578947368421053,0.16363636363636364,0.4553044954950705,145.57606173728396,0.8131578947368421,0.0,0.5,61.768915100843444,33.13870078240433,0.35789473684210527,0.3028571428571428,0.4641256663050144,440.10435498789866,0.32105263157894737,0.2833333333333334,0.513184584178499,355.4707160469249,0.8131578947368421,0.0,0.4868861738761262,37.61902724227241,0.5973684210526315,0.2949308755760368,0.5487994716731921,0.5399783008632483,85.83766032311642,0.2032258064516129,0.3378016085790885,0.5748155872835738,89.28485755578633,0.7967741935483871,0.0,0.5,107.1331061428893,82.55792862536926,0.7032258064516129,0.1481481481481481,0.5625623015933872,136.95367904511158,0.6887096774193548,0.13452914798206278,0.5986780560369286,158.58444715970174,0.7919354838709678,0.16774193548387095,0.6325931265048231,141.5690722702516,0.2032258064516129,0.3378016085790885,0.6215743708497554,0.6710169153618476,95.63742222405358
IZBA70UTQR,store_B,False,5,False,False,False,1,932,380,180,620,0.33476394849785407,0.1868421052631579,0.2032258064516129,0.008064516129032258,0.008064516129032258,0.008064516129032258,0.008064516129032258,0.3225806451612903,0.3225806451612903,0.3225806451612903,1553482470.103568,1553482490.2636206,20.16005253791809,0.7578947368421053,0.16363636363636364,0.4553044954950705,145.57606173728396,0.8131578947368421,0.0,0.5,61.768915100843444,33.13870078240433,0.3447368421052632,0.2946175637393768,0.49426859757535735,446.039095855747,0.3368421052631579,0.2758620689655172,0.5675267701306665,343.6824878550153,0.8131578947368421,0.0,0.4868861738761262,37.61902724227241,0.5894736842105263,0.29090909090909095,0.5493655361101939,0.5271946789942922,85.13519946408236,0.2032258064516129,0.3378016085790885,0.5748155872835738,89.28485755578633,0.7967741935483871,0.0,0.5,107.1331061428893,82.55792862536926,0.6935483870967742,0.15929203539823006,0.587651632493444,137.07311360009157,0.6774193548387096,0.13793103448275862,0.6076188139310197,160.03997362419486,0.7919354838709678,0.16774193548387095,0.6325931265048231,141.5690722702516,0.2032258064516129,0.3378016085790885,0.6106859692977747,0.6625669023264373,95.65122285398937
C56P1CRD0U,store_B,False,5,False,False,False,1,932,380,180,620,0.33476394849785407,0.1868421052631579,0.2032258064516129,0.008064516129032258,0.008064516129032258,0.008064516129032258,0.008064516129032258,0.3225806451612903,0.3225806451612903,0.3225806451612903,1553482559.2791495,1553482579.8684819,20.589332342147827,0.7578947368421053,0.16363636363636364,0.4553044954950705,145.57606173728396,0.8131578947368421,0.0,0.5,61.768915100843444,33.13870078240433,0.3605263157894737,0.2873900293255132,0.454172366621067,446.44150853821185,0.3236842105263158,0.276056338028169,0.4902589744799283,423.20140400939187,0.8131578947368421,0.0,0.4868861738761262,37.61902724227241,0.5973684210526315,0.2949308755760368,0.505165337987641,0.5408273975187509,86.7753644600946,0.2032258064516129,0.3378016085790885,0.5748155872835738,89.28485755578633,0.7967741935483871,0.0,0.5,107.1331061428893,82.55792862536926,0.6838709677419355,0.10091743119266054,0.627954054012606,135.93143201517032,0.6774193548387096,0.12280701754385964,0.623445335623476,144.85266862857299,0.7919354838709678,0.16774193548387095,0.6325931265048231,141.5690722702516,0.2032258064516129,0.3378016085790885,0.6142898768537121,0.6723817995000537,95.77969015570227
593KLQREAZ,store_B,False,5,False,False,False,1,932,380,180,620,0.33476394849785407,0.1868421052631579,0.2032258064516129,0.008064516129032258,0.008064516129032258,0.008064516129032258,0.008064516129032258,0.3225806451612903,0.3225806451612903,0.3225806451612903,1553482619.9693973,1553482639.5628097,19.593412399291992,0.7578947368421053,0.16363636363636364,0.4553044954950705,145.57606173728396,0.8131578947368421,0.0,0.5,61.768915100843444,33.13870078240433,0.3526315789473684,0.30113636363636365,0.44384169064578516,424.94633806918677,0.32894736842105265,0.2776203966005666,0.5304495495070523,353.4458962379326,0.8131578947368421,0.0,0.4868861738761262,37.61902724227241,0.5973684210526315,0.2949308755760368,0.5383744516250767,0.5385631397707439,85.8327728699644,0.2032258064516129,0.3378016085790885,0.5748155872835738,89.28485755578633,0.7967741935483871,0.0,0.5,107.1331061428893,82.55792862536926,0.6806451612903226,0.1680672268907563,0.5418436670909564,206.16097578558706,0.6806451612903226,0.14655172413793102,0.6065913168831567,141.2612554422738,0.7919354838709678,0.16774193548387095,0.6325931265048231,141.5690722702516,0.2032258064516129,0.3378016085790885,0.6197187418528686,0.6691306148112932,95.63426445864856
F09W1PI3SH,store_B,False,5,False,False,False,1,932,380,180,620,0.33476394849785407,0.1868421052631579,0.2032258064516129,0.008064516129032258,0.008064516129032258,0.008064516129032258,0.008064516129032258,0.3225806451612903,0.3225806451612903,0.3225806451612903,1553482790.6768594,1553482810.2803402,19.60348081588745,0.7578947368421053,0.16363636363636364,0.4553044954950705,145.57606173728396,0.8131578947368421,0.0,0.5,61.768915100843444,33.13870078240433,0.3605263157894737,0.2831858407079646,0.49280626444643616,335.1516102239589,0.4052631578947368,0.34302325581395354,0.41025520071701493,372.2841711157037,0.8131578947368421,0.0,0.4868861738761262,37.61902724227241,0.5973684210526315,0.2949308755760368,0.5531392990235389,0.542289730647672,86.23051663680644,0.2032258064516129,0.3378016085790885,0.5748155872835738,89.28485755578633,0.7967741935483871,0.0,0.5,107.1331061428893,82.55792862536926,0.6532258064516129,0.11522633744855966,0.624672197770178,160.2779008513599,0.682258064516129,0.13215859030837004,0.6123575689726564,195.23319094330304,0.7919354838709678,0.16774193548387095,0.6325931265048231,141.5690722702516,0.2032258064516129,0.3378016085790885,0.6299323692241631,0.6730719094575736,95.52061303372416
B45XJC4842,store_B,False,5,False,False,False,1,932,380,180,620,0.33476394849785407,0.1868421052631579,0.2032258064516129,0.008064516129032258,0.008064516129032258,0.008064516129032258,0.008064516129032258,0.3225806451612903,0.3225806451612903,0.3225806451612903,1553483245.3590603,1553483265.0832493,19.724189043045044,0.7578947368421053,0.16363636363636364,0.4553044954950705,145.57606173728396,0.8131578947368421,0.0,0.5,61.768915100843444,33.13870078240433,0.3473684210526316,0.2954545454545454,0.5048351337327233,345.44529534265854,0.3368421052631579,0.3,0.5165337987640927,309.6203514345965,0.8131578947368421,0.0,0.4868861738761262,37.61902724227241,0.5789473684210527,0.28571428571428575,0.5231378838624463,0.5310627859804707,83.69824475201773,0.2032258064516129,0.3378016085790885,0.5748155872835738,89.28485755578633,0.7967741935483871,0.0,0.5,107.1331061428893,82.55792862536926,0.667741935483871,0.14166666666666666,0.6116061159078013,164.44806666657817,0.7,0.0970873786407767,0.6150720014722346,144.75306011572803,0.7919354838709678,0.16774193548387095,0.6325931265048231,141.5690722702516,0.2032258064516129,0.3378016085790885,0.639087827993927,0.670648856717837,95.9767264347135
FEN60SJ4WD,store_C,False,5,True,False,False,10,1442,252,180,748,0.4812760055478502,0.3333333333333333,0.2393048128342246,0.008064516129032258,0.008064516129032258,0.008064516129032258,0.008064516129032258,0.3225806451612903,0.3225806451612903,0.3225806451612903,1553681665.638055,1553681792.5268323,126.88877725601196,0.6349206349206349,0.22033898305084745,0.42691671263099834,106.51002933819477,0.6666666666666666,0.0,0.5,44.89320136955129,21.952356547282683,0.4087301587301587,0.4156862745098039,0.5490592633449777,284.37297067224785,0.4166666666666667,0.4654545454545455,0.49770178341606913,360.61038122765376,0.6706349206349206,0.023529411764705882,0.42909235766378623,24.527660615639668,0.35714285714285715,0.5030674846625767,0.5641355641355641,0.5648097076668506,23.60950490418376,0.2393048128342246,0.3861920172599785,0.5766940441836449,72.87207505802478,0.7606951871657754,0.0,0.5,90.68605338413116,68.87761084309854,0.6403743315508021,0.19219219219219222,0.6029841815216237,131.31381789995876,0.6377005347593583,0.19584569732937687,0.5645430592686246,164.097590719036,0.6898395721925134,0.28395061728395066,0.6158541881810198,113.49996649781306,0.2393048128342246,0.3861920172599785,0.663729454798143,0.5981874861262583,115.38246799081186
K92GL4013N,store_C,False,5,True,False,False,1,1442,252,180,748,0.4812760055478502,0.3333333333333333,0.2393048128342246,,,,,,,,1553743329.71066,1553743345.5591202,15.84846019744873,0.6349206349206349,0.22033898305084745,0.42691671263099834,106.51002933819477,0.6666666666666666,0.0,0.5,44.89320136955129,21.952356547282683,0.43253968253968256,0.4392156862745098,0.4868542011399154,255.93274237720075,0.42063492063492064,0.4427480916030535,0.5325733897162469,333.37554955657043,0.6706349206349206,0.023529411764705882,0.42909235766378623,24.527660615639668,0.44047619047619047,0.4291497975708502,0.4104921247778391,0.4100631243488386,52.8044870174726,0.2393048128342246,0.3861920172599785,0.5766940441836449,72.87207505802478,0.7606951871657754,0.0,0.5,90.68605338413116,68.87761084309854,0.6336898395721925,0.16463414634146342,0.5738758649976354,129.8705189094211,0.6524064171122995,0.22155688622754494,0.5419686718848021,187.02495856365468,0.6898395721925134,0.28395061728395066,0.6158541881810198,113.49996649781306,0.2393048128342246,0.3861920172599785,0.6111974366150965,0.6106183587001631,94.0575225669316
U40Y5GDREN,store_C,False,5,True,False,False,1,1442,252,180,748,0.4812760055478502,0.3333333333333333,0.2393048128342246,0.008064516129032258,0.008064516129032258,0.008064516129032258,0.008064516129032258,0.3225806451612903,0.3225806451612903,0.3225806451612903,1553962915.2595565,1553962937.7249951,22.46543860435486,0.6349206349206349,0.22033898305084745,0.42691671263099834,106.51002933819477,0.6666666666666666,0.0,0.5,44.89320136955129,21.952356547282683,0.40476190476190477,0.40944881889763785,0.5423791138076852,259.8430945240063,0.46825396825396826,0.48461538461538467,0.4283875712447141,326.8011056463492,0.6706349206349206,0.023529411764705882,0.42909235766378623,24.527660615639668,0.40476190476190477,0.471830985915493,0.407856836428265,0.4083471226328369,36.853693492608144,0.2393048128342246,0.3861920172599785,0.5766940441836449,72.87207505802478,0.7606951871657754,0.0,0.5,90.68605338413116,68.87761084309854,0.6096256684491979,0.14619883040935672,0.6223157325818189,132.6226966786324,0.6377005347593583,0.16615384615384618,0.5945392952621775,148.15303968143058,0.6898395721925134,0.28395061728395066,0.6158541881810198,113.49996649781306,0.2393048128342246,0.3861920172599785,0.6229141130939168,0.6258674104600774,102.62862509389578
09HG4CIUAR,store_C,False,5,True,False,False,1,1442,252,180,748,0.4812760055478502,0.3333333333333333,0.2393048128342246,0.008064516129032258,0.008064516129032258,0.008064516129032258,0.008064516129032258,0.3225806451612903,0.3225806451612903,0.3225806451612903,1553963269.1449196,1553963291.7984955,22.653575897216797,0.6349206349206349,0.22033898305084745,0.42691671263099834,106.51002933819477,0.6666666666666666,0.0,0.5,44.89320136955129,21.952356547282683,0.44047619047619047,0.4758364312267658,0.4627688913403199,322.82953607868023,0.43253968253968256,0.4761904761904762,0.4737390451676166,312.41978862996075,0.6706349206349206,0.023529411764705882,0.42909235766378623,24.527660615639668,0.38492063492063494,0.4816053511705686,0.40638597781454927,0.4086535515106944,31.912762590031328,0.2393048128342246,0.3861920172599785,0.5766940441836449,72.87207505802478,0.7606951871657754,0.0,0.5,90.68605338413116,68.87761084309854,0.6497326203208557,0.14935064935064934,0.5653827222452781,154.74670531859493,0.6470588235294118,0.2142857142857143,0.5609141710017083,159.37048768736557,0.6898395721925134,0.28395061728395066,0.6158541881810198,113.49996649781306,0.2393048128342246,0.3861920172599785,0.5725825909876174,0.5641956125196645,105.1214408754859
DO7GQ8YBBJ,store_C,False,5,True,False,False,1,1442,252,180,748,0.4812760055478502,0.3333333333333333,0.2393048128342246,0.008064516129032258,0.008064516129032258,0.008064516129032258,0.008064516129032258,0.3225806451612903,0.3225806451612903,0.3225806451612903,1553963355.0001745,1553963378.026881,23.02670645713806,0.6349206349206349,0.22033898305084745,0.42691671263099834,106.51002933819477,0.6666666666666666,0.0,0.5,44.89320136955129,21.952356547282683,0.4801587301587302,0.4980842911877395,0.4856897714040571,253.87312477382181,0.38492063492063494,0.41509433962264153,0.5489366917938346,255.26442440328546,0.6706349206349206,0.023529411764705882,0.42909235766378623,24.527660615639668,0.40476190476190477,0.4680851063829786,0.4055279769565484,0.4065085493656922,37.812777353006005,0.2393048128342246,0.3861920172599785,0.5766940441836449,72.87207505802478,0.7606951871657754,0.0,0.5,90.68605338413116,68.87761084309854,0.6417112299465241,0.16770186335403728,0.5762500844488626,140.94841259890558,0.643048128342246,0.17846153846153845,0.5780355746865741,149.66330269214293,0.6898395721925134,0.28395061728395066,0.6158541881810198,113.49996649781306,0.2393048128342246,0.3861920172599785,0.6216594442782276,0.6231167903641435,102.94109072038925
DF5YMFQJFT,store_C,False,5,False,False,False,1,1442,252,180,748,0.4812760055478502,0.3333333333333333,0.2393048128342246,0.008064516129032258,0.008064516129032258,0.008064516129032258,0.008064516129032258,0.3225806451612903,0.3225806451612903,0.3225806451612903,1553963389.2790704,1553963408.503313,19.224242687225342,0.6349206349206349,0.22033898305084745,0.42691671263099834,106.51002933819477,0.6666666666666666,0.0,0.5,44.89320136955129,21.952356547282683,0.42063492063492064,0.4427480916030535,0.498437212722927,276.8944306629062,0.4444444444444444,0.46969696969696967,0.4785806214377643,333.60447463370923,0.6706349206349206,0.023529411764705882,0.42909235766378623,24.527660615639668,0.5833333333333334,0.33962264150943394,0.4444444444444444,0.5708157136728566,84.38857766137474,0.2393048128342246,0.3861920172599785,0.5766940441836449,72.87207505802478,0.7606951871657754,0.0,0.5,90.68605338413116,68.87761084309854,0.6336898395721925,0.17469879518072287,0.5748120409601112,174.27648704273554,0.6684491978609626,0.22012578616352202,0.5789524480518854,141.5496388862128,0.6898395721925134,0.28395061728395066,0.6158541881810198,113.49996649781306,0.2393048128342246,0.3861920172599785,0.5763176435389382,0.6148070222848484,74.37897966847706
BBT0DXOZDS,store_C,False,5,False,False,False,1,1442,252,180,748,0.4812760055478502,0.3333333333333333,0.2393048128342246,0.008064516129032258,0.008064516129032258,0.008064516129032258,0.008064516129032258,0.3225806451612903,0.3225806451612903,0.3225806451612903,1554000709.3997216,1554000728.800982,19.401260375976562,0.6349206349206349,0.22033898305084745,0.42691671263099834,106.51002933819477,0.6666666666666666,0.0,0.5,44.89320136955129,21.952356547282683,0.49206349206349204,0.4666666666666667,0.46693632407918123,275.3411022315093,0.43253968253968256,0.4392156862745098,0.5143715143715144,403.7898187662345,0.6706349206349206,0.023529411764705882,0.42909235766378623,24.527660615639668,0.5873015873015873,0.3333333333333333,0.43586443586443585,0.5668321382607097,85.17028197770937,0.2393048128342246,0.3861920172599785,0.5766940441836449,72.87207505802478,0.7606951871657754,0.0,0.5,90.68605338413116,68.87761084309854,0.6377005347593583,0.19104477611940301,0.5922519374981904,135.59265148020881,0.6537433155080213,0.20307692307692304,0.5799851370001834,149.27508279167577,0.6898395721925134,0.28395061728395066,0.6158541881810198,113.49996649781306,0.2393048128342246,0.3861920172599785,0.5908524992037679,0.6300560740447627,73.52394517113831
565D4X3QW0,store_D,False,5,True,False,1,771,398,180,602,0.2191958495460441,0.07788944723618091,0.11129568106312292,0.008064516129032258,0.008064516129032258,0.008064516129032258,0.008064516129032258,0.3225806451612903,0.3225806451612903,0.3225806451612903,1555334446.4259489,1555334667.4047425,220.97879362106323,0.9221105527638191,0.0,0.6837161932782618,121.54557526016939,0.9221105527638191,0.0,0.5,52.08305241393359,30.44634931614201,0.26884422110552764,0.12084592145015105,0.47765078646599524,385.5219454457323,0.2638190954773869,0.13056379821958458,0.5572026705895666,241.13365980242332,0.9221105527638191,0.0,0.5681792463505715,36.49383998225597,0.7261306532663316,0.18045112781954886,0.4981894308023085,0.5515446418467805,70.42941794331583,0.0829145728643216,0.1451990632318501,0.34581871675908116,0.45507525178227903,43.103509627981644,0.6381909547738693,0.19101123595505617,0.5999773678850289,0.5855493945909245,57.595718278498616,0.24916943521594684,0.19285714285714284,0.6552987090963674,65.94974226706165,0.8887043189368771,0.0,0.5,73.5487501109996,66.31432915132915,0.6710963455149501,0.18181818181818182,0.5662864004803362,174.88574931013994,0.6495016611295681,0.13877551020408163,0.6163914740318223,129.02983601585137,0.8837209302325582,0.0,0.5740018012608826,93.14422429329913,0.11129568106312292,0.20029895366218234,0.547883518462924,0.5781447012909037,66.89301474702373,0.11129568106312292,0.20029895366218234,0.574542179525668,0.49527169018312817,123.21131016013396,0.3289036544850498,0.18548387096774194,0.4948363854698289,0.5157610327229061,1030.5947754285903
